-- MariaDB dump 10.17  Distrib 10.4.15-MariaDB, for Linux (x86_64)
--
-- Host: mysql.hostinger.ro    Database: u574849695_19
-- ------------------------------------------------------
-- Server version	10.4.15-MariaDB-cll-lve

/*!40101 SET @OLD_CHARACTER_SET_CLIENT=@@CHARACTER_SET_CLIENT */;
/*!40101 SET @OLD_CHARACTER_SET_RESULTS=@@CHARACTER_SET_RESULTS */;
/*!40101 SET @OLD_COLLATION_CONNECTION=@@COLLATION_CONNECTION */;
/*!40101 SET NAMES utf8mb4 */;
/*!40103 SET @OLD_TIME_ZONE=@@TIME_ZONE */;
/*!40103 SET TIME_ZONE='+00:00' */;
/*!40014 SET @OLD_UNIQUE_CHECKS=@@UNIQUE_CHECKS, UNIQUE_CHECKS=0 */;
/*!40014 SET @OLD_FOREIGN_KEY_CHECKS=@@FOREIGN_KEY_CHECKS, FOREIGN_KEY_CHECKS=0 */;
/*!40101 SET @OLD_SQL_MODE=@@SQL_MODE, SQL_MODE='NO_AUTO_VALUE_ON_ZERO' */;
/*!40111 SET @OLD_SQL_NOTES=@@SQL_NOTES, SQL_NOTES=0 */;

--
-- Table structure for table `communities`
--

DROP TABLE IF EXISTS `communities`;
/*!40101 SET @saved_cs_client     = @@character_set_client */;
/*!40101 SET character_set_client = utf8 */;
CREATE TABLE `communities` (
  `id` bigint(20) unsigned NOT NULL AUTO_INCREMENT,
  `name` varchar(145) COLLATE utf8mb4_unicode_ci NOT NULL,
  `description` varchar(245) COLLATE utf8mb4_unicode_ci DEFAULT NULL,
  `admin_id` bigint(20) unsigned NOT NULL,
  PRIMARY KEY (`id`),
  KEY `fk_communities_users_admin_idx` (`admin_id`),
  CONSTRAINT `fk_communities_users` FOREIGN KEY (`admin_id`) REFERENCES `users` (`id`)
) ENGINE=InnoDB AUTO_INCREMENT=26 DEFAULT CHARSET=utf8mb4 COLLATE=utf8mb4_unicode_ci;
/*!40101 SET character_set_client = @saved_cs_client */;

--
-- Dumping data for table `communities`
--

LOCK TABLES `communities` WRITE;
/*!40000 ALTER TABLE `communities` DISABLE KEYS */;
INSERT INTO `communities` VALUES (1,'vitae','Culpa nisi nihil qui incidunt dolor. Et dolores quam voluptatem sint enim dicta. Et sit est enim suscipit aut iusto.',1),(2,'atque','Perferendis et accusantium aut placeat odit ut consequatur. Odio totam ullam sapiente quidem rerum. Non sint sit excepturi aut eos in harum tempore. Ut nesciunt ea occaecati est asperiores nobis.',2),(3,'reprehenderit','Rem fugit reprehenderit id. Magni tempore laborum quia et in perspiciatis. Alias saepe est omnis doloribus ipsam.',3),(4,'quos','Iste eaque sint eos aut. Quam iste doloribus nam impedit. Temporibus dolorem quo aperiam. Qui veritatis consequatur perferendis nobis nobis qui omnis.',4),(5,'in','Et et quo qui nihil facere. Itaque occaecati rerum voluptatem beatae nisi. Deserunt nobis quisquam officia et. Molestias aspernatur omnis dolorum expedita quia velit.',5),(6,'in','Modi dolor delectus quidem quia hic possimus. Qui ut quisquam ut id ut occaecati libero. Hic maxime aut voluptatum et quisquam accusamus.',6),(7,'eos','Quasi impedit consequuntur dolorum ea quia sed. Reiciendis molestiae voluptatem aut consequuntur inventore. Perferendis distinctio amet quam.',7),(8,'necessitatibus','Esse et hic saepe quidem. Dicta voluptatem sequi ducimus tenetur.',8),(9,'ex','Corporis necessitatibus magnam dolores amet dolorum odit. Nihil incidunt necessitatibus molestiae qui autem. Labore qui accusantium id fuga quibusdam qui quibusdam. In sit modi nulla laboriosam.',9),(10,'in','Consequuntur nisi id sequi libero cum aliquid temporibus. Non distinctio dignissimos voluptatem nesciunt quia rerum. Voluptatem animi voluptates facilis consequatur.',10),(11,'odit','Velit est possimus consequatur qui. Rerum fuga quo suscipit alias velit. Et dolorem nobis fugiat cum aperiam. Maiores fugit dolorem quasi modi consequatur vel.',11),(12,'fuga','Quibusdam ut perferendis delectus. Fuga qui minima alias voluptatibus fugit. Perferendis rerum et est odio temporibus. Culpa corporis minus minus modi iure.',12),(13,'vero','Quia officia excepturi reiciendis quis. Et reiciendis id labore. Itaque natus sunt cumque dolores nobis. Ipsam cumque placeat quidem repudiandae sint ipsum. Mollitia dignissimos dicta impedit recusandae.',13),(14,'tempora','Voluptas laborum molestiae nobis voluptate. Officia et fugit neque id qui magnam voluptates. Et sint id expedita mollitia pariatur. Dolores ut voluptatem est doloribus ipsum.',14),(15,'qui','Est natus qui esse sapiente. Quia cumque illum sunt corporis et reiciendis. Atque facere voluptas esse molestias.',15),(16,'enim','Laudantium dolores facilis molestiae reiciendis. Deleniti quae occaecati ipsum tempora dolorem. Quisquam ut laudantium et consequatur. Ullam ea facilis quam nam sequi nam omnis.',16),(17,'quia','Et qui placeat vel et omnis adipisci mollitia. Eum adipisci harum assumenda nihil.',17),(18,'est','Quidem quis eum sint iusto et expedita ut. Ipsa placeat impedit itaque eos debitis ut sapiente. Vel aliquam et consequatur accusantium magnam voluptatem tempore.',18),(19,'non','Nihil omnis consequuntur expedita asperiores. Aut illo soluta quia dolores quibusdam rem. Saepe rerum iure iste unde magnam eius.',19),(20,'soluta','Inventore accusamus nobis culpa. Ad tempora veniam vitae eaque omnis ea. Accusamus distinctio nesciunt aut iure voluptatibus officia.',20),(21,'et','Suscipit consequatur quia reprehenderit quod. Commodi eum ut placeat est quia occaecati qui quis. Saepe reprehenderit et quos molestiae ut facere voluptates. Quo sapiente consequatur sit.',21),(22,'quidem','Omnis consequatur est porro qui deserunt dolor aut. Necessitatibus cumque dolores nihil voluptas molestiae. Et vitae non perspiciatis ipsum quas voluptatem. Ex aut vero tempora optio aut quasi. Aut nisi dolores aliquam hic tempore.',22),(23,'sint','Libero eum molestias qui et. Nisi consequuntur facilis tempora nihil. Voluptatem sit voluptatem sit. Nemo officiis cum animi quisquam aut ipsam.',23),(24,'praesentium','Et quam eius qui possimus adipisci ut. Fugit aperiam et unde ut omnis architecto.',24),(25,'incidunt','Nobis officia placeat veniam quasi quisquam quod cumque laborum. At enim saepe possimus autem ad libero incidunt. Sit et dignissimos aut ut accusantium officia.',25);
/*!40000 ALTER TABLE `communities` ENABLE KEYS */;
UNLOCK TABLES;

--
-- Table structure for table `communities_users`
--

DROP TABLE IF EXISTS `communities_users`;
/*!40101 SET @saved_cs_client     = @@character_set_client */;
/*!40101 SET character_set_client = utf8 */;
CREATE TABLE `communities_users` (
  `community_id` bigint(20) unsigned NOT NULL,
  `user_id` bigint(20) unsigned NOT NULL,
  `created_at` datetime NOT NULL DEFAULT current_timestamp(),
  PRIMARY KEY (`community_id`,`user_id`),
  KEY `fk_communities_users_comm_idx` (`community_id`),
  KEY `fk_communities_users_users_idx` (`user_id`),
  CONSTRAINT `fk_communities_users_comm` FOREIGN KEY (`community_id`) REFERENCES `communities` (`id`),
  CONSTRAINT `fk_communities_users_users` FOREIGN KEY (`user_id`) REFERENCES `users` (`id`)
) ENGINE=InnoDB DEFAULT CHARSET=utf8mb4 COLLATE=utf8mb4_unicode_ci;
/*!40101 SET character_set_client = @saved_cs_client */;

--
-- Dumping data for table `communities_users`
--

LOCK TABLES `communities_users` WRITE;
/*!40000 ALTER TABLE `communities_users` DISABLE KEYS */;
INSERT INTO `communities_users` VALUES (1,1,'1992-06-22 06:09:40'),(1,26,'1973-04-21 03:30:19'),(1,51,'1983-02-06 20:39:03'),(1,76,'2009-08-08 12:57:26'),(2,2,'1984-06-20 04:21:19'),(2,27,'2000-12-01 10:17:31'),(2,52,'2012-03-04 06:01:23'),(2,77,'2012-07-10 12:07:45'),(3,3,'2002-10-05 17:19:33'),(3,28,'1982-09-09 12:04:47'),(3,53,'1997-01-28 04:12:12'),(3,78,'2005-01-19 11:17:07'),(4,4,'2008-05-18 22:11:47'),(4,29,'1972-12-11 20:10:36'),(4,54,'1982-06-05 21:47:51'),(4,79,'1986-12-04 12:33:08'),(5,5,'1983-11-24 04:35:15'),(5,30,'2014-07-26 03:00:22'),(5,55,'1970-05-20 10:55:55'),(5,80,'1971-12-11 12:07:08'),(6,6,'1996-09-17 22:31:00'),(6,31,'1998-05-02 14:04:35'),(6,56,'2009-01-19 13:47:07'),(6,81,'2007-04-26 18:21:53'),(7,7,'1999-08-02 11:15:56'),(7,32,'2017-03-03 08:21:01'),(7,57,'1972-03-01 01:11:06'),(7,82,'2006-09-16 21:14:56'),(8,8,'2003-11-09 19:13:47'),(8,33,'2011-02-22 00:44:28'),(8,58,'1977-09-18 14:01:25'),(8,83,'1987-02-22 21:59:39'),(9,9,'1978-09-19 15:07:27'),(9,34,'2018-07-23 04:19:42'),(9,59,'1977-09-01 07:27:36'),(9,84,'2015-04-28 05:39:04'),(10,10,'1983-07-10 18:30:38'),(10,35,'2018-12-12 21:47:10'),(10,60,'1979-05-03 10:15:03'),(10,85,'2014-02-24 21:03:35'),(11,11,'2011-05-14 18:33:59'),(11,36,'1982-01-30 01:08:57'),(11,61,'2003-03-23 03:01:51'),(11,86,'2011-07-28 04:40:15'),(12,12,'1971-07-11 06:25:02'),(12,37,'2016-10-02 23:27:47'),(12,62,'1982-08-22 16:56:48'),(12,87,'2006-10-17 21:39:39'),(13,13,'2020-01-28 19:00:16'),(13,38,'2014-10-12 12:46:10'),(13,63,'1984-03-18 05:08:00'),(13,88,'2013-05-06 16:39:14'),(14,14,'2020-10-25 07:04:47'),(14,39,'2008-07-12 11:10:54'),(14,64,'1998-09-16 06:21:59'),(14,89,'1987-01-15 20:22:27'),(15,15,'2020-06-24 05:55:22'),(15,40,'1998-06-25 00:54:07'),(15,65,'2020-09-03 18:57:54'),(15,90,'1980-07-03 17:19:45'),(16,16,'1982-05-26 21:04:45'),(16,41,'1975-10-01 18:36:18'),(16,66,'1993-02-09 01:39:13'),(16,91,'2009-09-26 10:15:40'),(17,17,'2007-01-30 02:26:02'),(17,42,'1971-07-19 03:58:57'),(17,67,'2011-01-01 21:41:16'),(17,92,'2003-01-11 20:57:55'),(18,18,'2011-12-12 12:35:57'),(18,43,'1997-09-23 06:40:02'),(18,68,'1985-02-12 15:20:51'),(18,93,'2016-07-23 00:13:48'),(19,19,'1995-06-26 04:55:49'),(19,44,'1985-07-19 11:52:17'),(19,69,'2010-09-29 09:37:11'),(19,94,'2018-04-04 15:25:00'),(20,20,'1998-02-12 00:43:28'),(20,45,'1986-05-20 09:02:38'),(20,70,'1976-10-27 09:47:23'),(20,95,'2014-06-30 11:18:42'),(21,21,'1989-12-15 03:17:58'),(21,46,'1994-03-05 17:34:21'),(21,71,'1980-08-19 12:27:17'),(21,96,'2012-06-07 09:23:38'),(22,22,'1987-09-04 19:32:10'),(22,47,'2008-05-08 02:53:00'),(22,72,'1991-07-13 06:21:23'),(22,97,'2013-05-19 06:44:54'),(23,23,'1988-05-05 08:49:16'),(23,48,'1976-06-08 06:06:16'),(23,73,'2011-06-17 22:53:57'),(23,98,'1980-03-16 12:53:39'),(24,24,'2013-02-02 13:06:37'),(24,49,'2010-01-24 19:21:22'),(24,74,'2020-09-25 20:13:24'),(24,99,'2008-05-12 10:58:26'),(25,25,'1984-01-09 10:25:06'),(25,50,'1977-12-24 05:17:04'),(25,75,'1995-06-21 02:06:35'),(25,100,'1994-06-28 16:25:35');
/*!40000 ALTER TABLE `communities_users` ENABLE KEYS */;
UNLOCK TABLES;

--
-- Table structure for table `friend_requests`
--

DROP TABLE IF EXISTS `friend_requests`;
/*!40101 SET @saved_cs_client     = @@character_set_client */;
/*!40101 SET character_set_client = utf8 */;
CREATE TABLE `friend_requests` (
  `from_user_id` bigint(20) unsigned NOT NULL,
  `to_user_id` bigint(20) unsigned NOT NULL,
  `accepted` tinyint(1) DEFAULT 0,
  `created_at` datetime DEFAULT current_timestamp(),
  `updated_at` datetime DEFAULT NULL ON UPDATE current_timestamp(),
  PRIMARY KEY (`from_user_id`,`to_user_id`),
  KEY `fk_friend_requests_from_user_idx` (`from_user_id`),
  KEY `fk_friend_requests_to_user_idx` (`to_user_id`),
  CONSTRAINT `fk_friend_requests_users_1` FOREIGN KEY (`from_user_id`) REFERENCES `users` (`id`),
  CONSTRAINT `fk_friend_requests_users_2` FOREIGN KEY (`to_user_id`) REFERENCES `users` (`id`)
) ENGINE=InnoDB DEFAULT CHARSET=utf8mb4 COLLATE=utf8mb4_unicode_ci;
/*!40101 SET character_set_client = @saved_cs_client */;

--
-- Dumping data for table `friend_requests`
--

LOCK TABLES `friend_requests` WRITE;
/*!40000 ALTER TABLE `friend_requests` DISABLE KEYS */;
INSERT INTO `friend_requests` VALUES (1,1,0,'2005-11-09 05:54:24','2000-01-21 22:45:35'),(2,2,1,'1987-07-26 03:49:32','2001-08-08 03:52:43'),(3,3,0,'1984-08-14 20:25:28','2000-09-19 02:50:51'),(4,4,1,'1984-04-11 15:11:29','1971-01-02 10:16:40'),(5,5,0,'2002-02-27 05:26:28','1996-11-03 19:39:24'),(6,6,0,'1987-02-28 14:54:00','1972-03-13 03:59:14'),(7,7,1,'1993-01-09 03:40:46','1986-03-29 16:23:08'),(8,8,1,'2011-02-04 23:26:39','2012-12-21 19:52:54'),(9,9,0,'1976-02-06 16:33:26','1992-11-09 21:40:08'),(10,10,1,'2005-12-29 10:07:01','1997-11-10 08:43:03'),(11,11,0,'1980-07-15 08:09:33','2013-03-20 08:27:56'),(12,12,1,'2006-12-27 03:32:57','2018-10-18 06:37:48'),(13,13,1,'1990-02-03 18:39:24','2017-09-03 12:16:40'),(14,14,1,'2014-04-02 03:16:20','1972-06-16 07:15:58'),(15,15,0,'1987-03-17 06:47:24','1993-04-30 06:43:41'),(16,16,1,'2000-11-01 11:59:52','1976-12-28 10:51:42'),(17,17,1,'1988-09-24 20:22:41','2008-08-18 17:16:46'),(18,18,0,'2016-07-22 01:42:00','2008-06-19 07:43:20'),(19,19,0,'2010-09-10 20:36:23','1980-07-19 13:21:32'),(20,20,0,'2013-01-18 08:12:26','2016-03-28 16:40:06'),(21,21,0,'1974-10-26 00:52:25','2016-03-05 12:11:36'),(22,22,1,'2000-08-11 03:37:12','2010-07-15 05:58:41'),(23,23,1,'2002-03-02 20:53:11','2000-12-05 05:17:59'),(24,24,0,'2001-06-24 23:54:03','2012-08-05 11:42:48'),(25,25,0,'1996-02-03 12:30:22','2004-08-23 09:15:50'),(26,26,0,'1985-10-07 15:03:27','1981-04-27 01:21:56'),(27,27,0,'2016-07-17 12:16:38','2016-01-04 10:04:45'),(28,28,1,'1994-08-13 15:24:11','1989-06-03 06:08:24'),(29,29,0,'1995-11-23 12:12:17','1976-02-07 22:46:29'),(30,30,0,'1994-01-09 20:54:38','1979-08-02 12:43:26'),(31,31,0,'2003-05-23 10:49:09','1979-05-18 21:09:15'),(32,32,0,'1982-04-14 13:48:13','2006-05-17 00:50:28'),(33,33,1,'1998-03-15 23:31:23','1983-01-19 11:48:07'),(34,34,0,'1998-04-22 03:49:44','2006-03-24 02:53:07'),(35,35,0,'2011-05-26 22:21:18','1993-03-15 13:14:29'),(36,36,0,'1981-03-08 17:31:04','1971-12-23 21:25:41'),(37,37,1,'2019-12-23 03:19:49','1987-06-24 09:27:29'),(38,38,1,'1999-08-08 14:57:21','1971-09-25 17:31:43'),(39,39,1,'1995-02-14 11:05:05','1974-11-30 16:56:36'),(40,40,1,'2006-04-03 22:29:47','2013-03-23 03:31:22'),(41,41,0,'2003-12-24 18:58:32','2015-06-05 04:16:38'),(42,42,0,'2010-06-14 08:16:09','2010-06-26 17:53:41'),(43,43,1,'2010-11-09 20:24:30','2008-01-04 15:31:12'),(44,44,1,'1990-10-31 22:01:26','2011-03-23 06:43:31'),(45,45,0,'1983-05-27 20:29:23','2007-08-05 16:18:47'),(46,46,1,'1974-06-12 18:54:55','1975-05-24 16:09:35'),(47,47,1,'1990-09-05 19:02:07','1994-04-02 23:09:49'),(48,48,1,'1980-12-24 12:20:28','1973-04-08 14:37:46'),(49,49,0,'1992-11-30 19:07:40','2010-09-23 19:46:06'),(50,50,1,'1973-08-30 21:40:54','1985-08-29 09:28:31');
/*!40000 ALTER TABLE `friend_requests` ENABLE KEYS */;
UNLOCK TABLES;

--
-- Table structure for table `media`
--

DROP TABLE IF EXISTS `media`;
/*!40101 SET @saved_cs_client     = @@character_set_client */;
/*!40101 SET character_set_client = utf8 */;
CREATE TABLE `media` (
  `id` bigint(20) unsigned NOT NULL AUTO_INCREMENT,
  `user_id` bigint(20) unsigned NOT NULL,
  `media_types_id` int(10) unsigned NOT NULL,
  `file_name` varchar(245) COLLATE utf8mb4_unicode_ci DEFAULT NULL COMMENT '/files/folder/img.png',
  `file_size` bigint(20) DEFAULT NULL,
  `created_at` datetime NOT NULL DEFAULT current_timestamp(),
  PRIMARY KEY (`id`),
  KEY `fk_media_media_types_idx` (`media_types_id`),
  KEY `fk_media_users_idx` (`user_id`),
  CONSTRAINT `fk_media_media_types` FOREIGN KEY (`media_types_id`) REFERENCES `media_types` (`id`),
  CONSTRAINT `fk_media_users` FOREIGN KEY (`user_id`) REFERENCES `users` (`id`)
) ENGINE=InnoDB AUTO_INCREMENT=201 DEFAULT CHARSET=utf8mb4 COLLATE=utf8mb4_unicode_ci;
/*!40101 SET character_set_client = @saved_cs_client */;

--
-- Dumping data for table `media`
--

LOCK TABLES `media` WRITE;
/*!40000 ALTER TABLE `media` DISABLE KEYS */;
INSERT INTO `media` VALUES (1,1,1,'accusantium',604,'2010-08-03 13:43:37'),(2,2,2,'unde',765109214,'1974-02-02 19:34:36'),(3,3,3,'quis',590,'2001-08-29 21:42:27'),(4,4,4,'omnis',8087285,'1981-10-08 13:05:11'),(5,5,1,'officia',0,'2005-03-22 06:44:17'),(6,6,2,'molestiae',129335,'2000-12-15 17:38:53'),(7,7,3,'ab',3,'2010-04-10 08:44:34'),(8,8,4,'amet',34,'2010-01-03 04:49:14'),(9,9,1,'distinctio',3,'1980-08-28 03:22:41'),(10,10,2,'in',251519,'2000-02-28 10:37:52'),(11,11,3,'esse',237,'2010-10-24 11:27:57'),(12,12,4,'et',9,'2018-07-05 11:22:04'),(13,13,1,'rerum',842,'1986-04-19 11:54:03'),(14,14,2,'odit',3,'2016-05-29 05:53:31'),(15,15,3,'est',8,'1972-08-04 19:30:45'),(16,16,4,'vero',0,'1985-11-01 00:53:45'),(17,17,1,'culpa',34,'1984-03-06 16:18:42'),(18,18,2,'qui',84,'1998-04-20 11:41:50'),(19,19,3,'similique',276123801,'1992-08-29 20:56:19'),(20,20,4,'voluptatibus',4,'1981-06-28 17:48:54'),(21,21,1,'ad',1027050,'2001-08-28 09:59:07'),(22,22,2,'molestias',99423594,'1991-02-11 20:45:51'),(23,23,3,'non',629,'2017-09-11 04:09:19'),(24,24,4,'ducimus',6,'1980-03-21 05:10:20'),(25,25,1,'eos',85432734,'1979-10-28 19:06:11'),(26,26,2,'perferendis',3810554,'1971-09-22 22:54:10'),(27,27,3,'beatae',264,'2016-01-18 22:12:31'),(28,28,4,'dignissimos',3692277,'1971-05-04 09:16:24'),(29,29,1,'qui',833,'2014-05-12 05:38:38'),(30,30,2,'aut',3882567,'2003-08-28 01:57:31'),(31,31,3,'rerum',65265,'1999-10-31 02:00:17'),(32,32,4,'adipisci',7321,'1984-03-17 20:20:30'),(33,33,1,'voluptas',0,'1971-05-04 10:42:07'),(34,34,2,'unde',69258,'1977-10-11 05:43:51'),(35,35,3,'inventore',0,'1985-02-13 07:50:49'),(36,36,4,'aut',3341015,'1982-11-12 12:34:26'),(37,37,1,'molestias',42782950,'2020-11-05 06:27:40'),(38,38,2,'ab',59277472,'1980-09-08 03:36:16'),(39,39,3,'ratione',47,'1992-07-01 03:59:34'),(40,40,4,'sit',0,'2019-02-28 14:19:12'),(41,41,1,'repellendus',781380426,'1986-12-20 07:10:47'),(42,42,2,'qui',243,'1981-09-05 06:33:36'),(43,43,3,'minus',0,'1979-07-18 10:12:02'),(44,44,4,'ut',8443,'1997-09-02 14:11:42'),(45,45,1,'sint',93,'2018-01-31 11:46:29'),(46,46,2,'qui',56834098,'1989-06-08 09:10:45'),(47,47,3,'maxime',9,'2001-11-26 05:51:58'),(48,48,4,'accusantium',7264,'2008-06-23 02:58:31'),(49,49,1,'commodi',586,'2020-12-25 15:53:16'),(50,50,2,'dolores',0,'2012-12-25 22:12:32'),(51,51,3,'velit',887,'2008-04-16 13:33:25'),(52,52,4,'quos',58749,'1991-03-26 01:53:37'),(53,53,1,'mollitia',63456883,'1982-08-28 18:43:55'),(54,54,2,'et',982427820,'1973-07-12 04:04:29'),(55,55,3,'et',562793585,'1984-11-03 12:32:30'),(56,56,4,'sint',2284007,'2019-03-13 21:09:56'),(57,57,1,'dolor',20,'1977-09-08 04:54:15'),(58,58,2,'odio',10196,'1979-07-08 02:46:30'),(59,59,3,'qui',1646100,'2018-04-21 09:14:55'),(60,60,4,'rem',35021,'2007-10-11 19:43:43'),(61,61,1,'molestiae',4088090,'2015-11-05 14:34:02'),(62,62,2,'illo',10671,'2003-08-20 09:36:28'),(63,63,3,'sit',4,'1981-05-19 09:35:43'),(64,64,4,'in',55,'1985-12-23 01:46:53'),(65,65,1,'magni',48,'1980-12-29 19:38:49'),(66,66,2,'et',203414749,'2010-07-08 04:05:59'),(67,67,3,'iusto',9043,'2011-06-14 10:18:16'),(68,68,4,'qui',56,'1996-02-27 11:07:45'),(69,69,1,'dolorem',19002,'2017-10-26 01:43:56'),(70,70,2,'delectus',7785395,'1986-09-03 20:34:20'),(71,71,3,'quia',2,'1984-03-06 05:05:57'),(72,72,4,'natus',0,'2014-01-21 09:23:47'),(73,73,1,'eos',63946588,'2012-08-11 07:08:28'),(74,74,2,'odit',63788,'2002-03-16 01:03:57'),(75,75,3,'ut',72448,'2002-06-02 12:48:31'),(76,76,4,'sint',131871302,'1998-04-28 13:11:51'),(77,77,1,'ab',67969,'2000-01-27 04:21:01'),(78,78,2,'id',288,'1995-04-30 09:35:57'),(79,79,3,'quo',437,'2008-12-19 11:26:37'),(80,80,4,'eaque',45547,'2004-06-06 11:58:10'),(81,81,1,'qui',522983074,'2001-04-19 12:27:46'),(82,82,2,'est',763314,'1976-03-08 12:08:26'),(83,83,3,'reiciendis',5,'2009-11-11 15:11:15'),(84,84,4,'distinctio',1,'2016-09-10 05:42:57'),(85,85,1,'aut',8031,'2009-07-05 07:33:46'),(86,86,2,'ut',319,'1997-01-21 21:40:08'),(87,87,3,'voluptatem',40069,'2012-10-22 20:34:01'),(88,88,4,'aperiam',41454,'2018-08-12 03:43:01'),(89,89,1,'mollitia',0,'2005-10-31 15:46:44'),(90,90,2,'id',620993697,'2003-11-16 16:40:00'),(91,91,3,'dolor',500,'1972-08-07 06:10:44'),(92,92,4,'doloremque',168408273,'1976-12-04 12:55:42'),(93,93,1,'laboriosam',0,'1992-07-26 10:58:30'),(94,94,2,'quas',5762858,'1992-07-02 03:12:45'),(95,95,3,'aliquam',237650,'1983-03-04 09:28:41'),(96,96,4,'architecto',63,'2018-07-04 00:40:16'),(97,97,1,'ipsa',31028095,'1979-11-01 08:42:15'),(98,98,2,'eligendi',229116496,'2004-01-26 11:59:49'),(99,99,3,'libero',49509179,'1982-12-15 05:37:42'),(100,100,4,'ipsa',3,'2020-03-08 06:05:44'),(101,1,1,'dolor',5840648,'2005-01-05 17:49:45'),(102,2,2,'dolorem',1,'1989-07-15 03:01:47'),(103,3,3,'molestias',77,'2018-10-10 05:25:28'),(104,4,4,'vel',417481792,'2007-10-19 07:43:36'),(105,5,1,'error',458,'1992-02-01 22:16:47'),(106,6,2,'molestiae',4,'1982-10-18 19:19:42'),(107,7,3,'beatae',881655,'1986-12-22 08:25:59'),(108,8,4,'eos',152,'2001-05-10 20:57:08'),(109,9,1,'enim',25200,'1990-12-18 09:01:50'),(110,10,2,'esse',4512,'1991-07-01 09:45:38'),(111,11,3,'quis',3167541,'2018-03-19 21:53:33'),(112,12,4,'ut',737543,'1973-08-31 15:05:18'),(113,13,1,'est',1,'1995-11-12 15:43:19'),(114,14,2,'voluptatum',4,'2012-03-06 03:30:48'),(115,15,3,'id',7,'2010-02-27 16:21:58'),(116,16,4,'saepe',0,'2017-09-06 11:47:08'),(117,17,1,'exercitationem',2,'2016-03-12 12:09:48'),(118,18,2,'libero',944611,'2009-10-26 04:14:01'),(119,19,3,'non',0,'1997-09-15 08:22:40'),(120,20,4,'doloremque',7568,'2010-08-02 03:18:48'),(121,21,1,'quia',3185949,'2000-01-24 16:25:28'),(122,22,2,'eos',0,'2017-06-04 14:24:34'),(123,23,3,'sit',5,'2006-08-19 05:18:15'),(124,24,4,'repudiandae',3314157,'1986-01-05 13:11:03'),(125,25,1,'molestiae',7844,'2006-09-20 05:01:07'),(126,26,2,'ut',9,'2002-02-02 03:38:26'),(127,27,3,'maxime',75,'2005-09-17 23:08:22'),(128,28,4,'dignissimos',0,'2001-08-20 03:30:22'),(129,29,1,'vero',98848,'2014-03-15 03:37:17'),(130,30,2,'dicta',932,'1993-02-12 07:36:37'),(131,31,3,'recusandae',3636603,'1986-02-03 21:41:50'),(132,32,4,'nulla',717842,'2003-02-28 15:33:19'),(133,33,1,'dolorem',52708332,'1971-12-29 13:30:53'),(134,34,2,'consequatur',0,'2001-01-13 05:00:28'),(135,35,3,'recusandae',26466,'1980-10-23 11:24:48'),(136,36,4,'perferendis',317440,'1987-08-09 17:55:15'),(137,37,1,'assumenda',0,'1998-10-06 06:59:00'),(138,38,2,'magni',0,'1995-04-29 23:55:23'),(139,39,3,'eius',599,'1995-04-13 15:46:12'),(140,40,4,'adipisci',220,'1996-09-06 06:21:20'),(141,41,1,'totam',0,'2018-01-08 02:28:03'),(142,42,2,'quo',41,'1991-08-06 16:56:31'),(143,43,3,'vero',64943050,'2010-03-28 00:44:15'),(144,44,4,'nihil',815324220,'1987-09-12 21:00:36'),(145,45,1,'vel',0,'2013-02-03 11:56:57'),(146,46,2,'libero',40399,'1979-06-23 21:14:51'),(147,47,3,'atque',382458930,'2000-09-28 22:27:27'),(148,48,4,'est',768800,'1993-07-06 14:40:14'),(149,49,1,'excepturi',2717,'2016-12-22 21:57:56'),(150,50,2,'minus',7621,'1992-02-27 01:37:03'),(151,51,3,'debitis',17410,'1996-09-11 05:42:07'),(152,52,4,'tenetur',0,'1979-09-24 13:07:52'),(153,53,1,'sit',82474711,'1975-05-26 07:32:12'),(154,54,2,'dolore',1176346,'1986-01-01 20:25:04'),(155,55,3,'eum',92469577,'1988-09-12 09:12:05'),(156,56,4,'in',747398881,'1994-06-07 20:25:17'),(157,57,1,'animi',531,'2013-09-21 19:24:13'),(158,58,2,'praesentium',522220,'2019-10-13 23:58:57'),(159,59,3,'dolores',59,'1971-06-17 14:46:38'),(160,60,4,'totam',3961,'2015-07-14 03:18:28'),(161,61,1,'soluta',0,'1995-05-13 06:17:22'),(162,62,2,'numquam',238148536,'2014-04-30 22:49:05'),(163,63,3,'et',46,'2014-11-06 12:59:48'),(164,64,4,'incidunt',3,'2003-08-30 01:13:33'),(165,65,1,'sunt',142002,'2002-11-21 19:08:08'),(166,66,2,'vel',3841833,'1998-09-28 07:22:10'),(167,67,3,'est',0,'1982-03-05 12:02:21'),(168,68,4,'quia',36848550,'2002-06-02 09:55:36'),(169,69,1,'atque',495288,'2006-05-06 02:10:45'),(170,70,2,'est',0,'2007-04-18 12:24:10'),(171,71,3,'quia',32424206,'2018-12-26 00:11:03'),(172,72,4,'et',1744,'2015-09-03 06:25:32'),(173,73,1,'consequuntur',189501,'1982-02-19 00:32:16'),(174,74,2,'excepturi',16136761,'1987-06-28 22:51:19'),(175,75,3,'est',9,'2003-07-30 13:40:42'),(176,76,4,'autem',1,'1999-08-25 16:01:14'),(177,77,1,'quia',78,'2005-05-04 20:13:14'),(178,78,2,'necessitatibus',9038418,'2005-10-14 16:42:24'),(179,79,3,'quod',9,'1997-07-10 11:29:46'),(180,80,4,'nulla',2003477,'2007-02-18 11:50:14'),(181,81,1,'dolorem',0,'1982-10-30 20:09:28'),(182,82,2,'sequi',425,'1974-12-31 11:15:11'),(183,83,3,'ipsa',0,'1984-04-28 00:21:30'),(184,84,4,'placeat',48061950,'2016-08-10 05:35:06'),(185,85,1,'ipsam',238351415,'1976-04-10 04:01:57'),(186,86,2,'qui',0,'1972-08-06 04:40:03'),(187,87,3,'non',99524,'1975-08-18 00:31:24'),(188,88,4,'exercitationem',83058527,'2000-10-03 17:49:00'),(189,89,1,'velit',66457,'1981-09-19 13:55:09'),(190,90,2,'illum',9406,'1980-03-22 09:29:05'),(191,91,3,'assumenda',103,'1992-11-10 04:31:23'),(192,92,4,'molestiae',12632762,'1998-10-05 13:15:33'),(193,93,1,'modi',818184704,'2008-07-30 18:03:48'),(194,94,2,'eaque',44,'1992-12-03 04:50:25'),(195,95,3,'eos',68269,'1985-08-04 16:51:37'),(196,96,4,'ea',6058,'2018-12-07 17:54:21'),(197,97,1,'tempora',580,'1988-01-18 02:25:39'),(198,98,2,'harum',0,'1984-05-24 23:23:37'),(199,99,3,'ut',0,'1995-06-05 13:50:55'),(200,100,4,'vitae',669068074,'1998-01-19 04:29:56');
/*!40000 ALTER TABLE `media` ENABLE KEYS */;
UNLOCK TABLES;

--
-- Table structure for table `media_types`
--

DROP TABLE IF EXISTS `media_types`;
/*!40101 SET @saved_cs_client     = @@character_set_client */;
/*!40101 SET character_set_client = utf8 */;
CREATE TABLE `media_types` (
  `id` int(10) unsigned NOT NULL AUTO_INCREMENT,
  `name` varchar(45) COLLATE utf8mb4_unicode_ci NOT NULL,
  PRIMARY KEY (`id`),
  UNIQUE KEY `name` (`name`)
) ENGINE=InnoDB AUTO_INCREMENT=5 DEFAULT CHARSET=utf8mb4 COLLATE=utf8mb4_unicode_ci;
/*!40101 SET character_set_client = @saved_cs_client */;

--
-- Dumping data for table `media_types`
--

LOCK TABLES `media_types` WRITE;
/*!40000 ALTER TABLE `media_types` DISABLE KEYS */;
INSERT INTO `media_types` VALUES (4,'accusamus'),(1,'cupiditate'),(2,'et'),(3,'in');
/*!40000 ALTER TABLE `media_types` ENABLE KEYS */;
UNLOCK TABLES;

--
-- Table structure for table `messages`
--

DROP TABLE IF EXISTS `messages`;
/*!40101 SET @saved_cs_client     = @@character_set_client */;
/*!40101 SET character_set_client = utf8 */;
CREATE TABLE `messages` (
  `id` bigint(20) unsigned NOT NULL AUTO_INCREMENT,
  `from_user_id` bigint(20) unsigned NOT NULL,
  `to_user_id` bigint(20) unsigned NOT NULL,
  `txt` text COLLATE utf8mb4_unicode_ci NOT NULL,
  `is_delivered` tinyint(1) DEFAULT 0,
  `created_at` datetime NOT NULL DEFAULT current_timestamp(),
  `updated_at` datetime DEFAULT NULL ON UPDATE current_timestamp(),
  PRIMARY KEY (`id`),
  KEY `fk_messages_from_user_idx` (`from_user_id`),
  KEY `fk_messages_to_user_idx` (`to_user_id`),
  CONSTRAINT `fk_messages_users_1` FOREIGN KEY (`from_user_id`) REFERENCES `users` (`id`),
  CONSTRAINT `fk_messages_users_2` FOREIGN KEY (`to_user_id`) REFERENCES `users` (`id`)
) ENGINE=InnoDB AUTO_INCREMENT=201 DEFAULT CHARSET=utf8mb4 COLLATE=utf8mb4_unicode_ci;
/*!40101 SET character_set_client = @saved_cs_client */;

--
-- Dumping data for table `messages`
--

LOCK TABLES `messages` WRITE;
/*!40000 ALTER TABLE `messages` DISABLE KEYS */;
INSERT INTO `messages` VALUES (1,1,1,'Perferendis et a ducimus suscipit velit. Voluptatem sed fugit asperiores earum et ipsam illo. Quisquam maiores non veritatis facere dolorem. Distinctio ea eveniet aut ad est odio sit qui.',1,'1983-05-09 18:57:46','2005-10-13 07:53:22'),(2,2,2,'Dolores aliquam animi deleniti reiciendis ratione similique facere. Iusto molestiae soluta est voluptas.',0,'1975-07-05 02:51:24','1998-11-25 11:48:10'),(3,3,3,'Dolorem amet id id velit mollitia ut minima. Possimus rem magnam magnam assumenda sit incidunt earum. Libero vero deserunt ducimus exercitationem ipsum harum voluptas blanditiis.',0,'2008-03-11 07:44:54','1994-12-26 13:48:43'),(4,4,4,'Culpa facere sit veniam dolor. Magni aspernatur et culpa perspiciatis est. Ea rem id ut tempora non commodi cum. Suscipit tempore dolorem aut soluta amet dolores consectetur.',0,'1989-09-15 20:02:37','2004-01-14 04:45:17'),(5,5,5,'Expedita aut non dolorum sunt. Animi recusandae qui sunt quis velit beatae. Tempore facere ea porro atque possimus dolorem quibusdam facere.',1,'1982-02-11 09:40:01','2007-09-16 08:52:07'),(6,6,6,'Ut ex dicta iste ut aut. Tempora veritatis qui consequuntur quia. Aliquam iusto laboriosam et impedit accusantium tenetur deserunt.',0,'2005-10-25 08:45:39','1976-01-31 23:55:38'),(7,7,7,'Id consequatur eligendi sed delectus fugiat non odio. Ipsa aperiam quia id. Quis et illum earum non. Similique voluptatum pariatur beatae et odio.',0,'1985-01-12 10:42:38','2020-01-23 08:25:04'),(8,8,8,'Aut adipisci nostrum inventore consectetur. Et alias debitis officia vitae odit quia. Ut sed at et ad cum in.',1,'1978-08-08 11:45:31','1992-06-29 08:54:38'),(9,9,9,'Expedita quis nemo at ut culpa. Praesentium sed possimus iusto dolor quia. Ullam quia minima voluptas quia impedit. Sequi soluta incidunt quis consequuntur labore ratione.',1,'1981-08-26 18:13:52','1999-12-04 07:58:39'),(10,10,10,'Sint qui aperiam reiciendis labore omnis aut. Quia qui quia dolorem et. Libero velit temporibus reiciendis ut. Minima explicabo est rerum sunt.',1,'2004-06-28 00:28:18','1972-05-06 18:55:37'),(11,11,11,'Et odit et nemo id quae culpa rerum. Suscipit eum et voluptatibus placeat deleniti et. Commodi autem reprehenderit fugiat similique voluptatem. Repudiandae dignissimos ipsum voluptas quia.',0,'1988-12-11 01:06:02','2017-10-04 23:57:57'),(12,12,12,'Qui rerum et nam omnis fuga labore ad. Rerum dolores quia et et itaque commodi.',0,'1992-02-20 22:36:38','1984-05-03 09:34:43'),(13,13,13,'Quo qui optio est voluptatem quibusdam. Corporis omnis explicabo quia quod dolore. Omnis facere iusto sit sunt est totam.',1,'2004-09-28 22:32:30','2002-09-24 21:54:43'),(14,14,14,'Aperiam magnam nemo odit quisquam placeat eos eligendi. Corporis doloremque aspernatur adipisci sit molestiae. Qui omnis ipsum quibusdam fuga quae porro vel.',1,'1976-08-20 14:06:20','1988-01-16 05:19:00'),(15,15,15,'Voluptatibus quidem eos sint harum nihil eum aut. Et perspiciatis vel voluptas ut facere ea.',0,'2016-02-18 09:27:14','2010-10-02 15:21:19'),(16,16,16,'Sunt voluptas nihil quaerat ut quia corrupti mollitia. Consequatur animi et ipsum ut laboriosam ea nam.\nQuas pariatur qui ut ullam quo et. Porro et ut commodi itaque. Alias fugiat in sit magnam.',0,'2004-03-19 12:16:49','1982-03-30 21:43:13'),(17,17,17,'Sed voluptate ipsa laboriosam et labore vel expedita. Qui qui culpa esse culpa quam quisquam neque non. Quia optio eaque dolorem odit.',1,'1974-07-24 12:07:06','1973-10-24 04:30:56'),(18,18,18,'Occaecati dolor ut quibusdam quis rem corporis occaecati. Dolorem quasi est et optio ad. Incidunt molestiae recusandae ipsum culpa perspiciatis et nemo tempora.',0,'2009-01-05 20:40:30','2003-06-04 03:02:22'),(19,19,19,'Eaque alias nostrum maxime officiis. Possimus officiis doloribus quaerat enim. Voluptatum modi expedita non optio omnis aspernatur.',0,'1991-07-02 09:38:33','1989-05-21 15:23:39'),(20,20,20,'Facilis autem voluptas consequatur qui quam aut. Accusantium officia excepturi nihil est. Tempora autem quas amet aliquam magni laudantium. Nostrum in voluptate ut qui vero beatae repellat.',1,'1976-12-17 21:40:40','1988-03-28 21:28:00'),(21,21,21,'Est ea commodi rerum impedit quibusdam aut. Alias qui sapiente eveniet sunt non autem aliquam. Soluta officiis sed magni qui vitae. Velit est sit quam voluptas provident.',0,'1996-07-13 01:23:40','2002-02-23 01:53:43'),(22,22,22,'Sunt ut modi ut natus nihil quibusdam soluta. Eum sed fugiat at delectus sapiente earum quia et. Esse commodi laudantium laboriosam cupiditate delectus nesciunt. Et dolorem facere explicabo.',0,'1970-10-05 05:52:06','1971-04-13 22:27:03'),(23,23,23,'Non qui odit ducimus quidem asperiores. Ex ut dignissimos consequuntur qui ratione dolorem. Laborum quis tempora reprehenderit nostrum ea ut dolor. Omnis facilis dolor aspernatur ducimus et suscipit.',0,'1995-07-14 19:57:38','2003-06-11 22:15:45'),(24,24,24,'Id possimus totam sed voluptatem. In optio occaecati est eum nihil et dolores id. Quisquam doloribus iusto sit eligendi qui quos.',1,'1997-01-12 12:12:23','1974-01-07 04:10:33'),(25,25,25,'Laudantium recusandae iusto tempora. Illum fugit et velit. Esse et architecto ea. Et impedit natus blanditiis.',1,'1987-03-13 01:27:35','2012-07-11 04:28:20'),(26,26,26,'Deleniti temporibus et ratione dicta eos laboriosam. Neque quidem vel rerum blanditiis officiis est.',0,'1990-01-29 09:33:54','2005-08-26 22:41:42'),(27,27,27,'Ea accusamus quas recusandae omnis voluptas. Facere optio quia quis est velit in et. Cumque voluptatem itaque repellat et aliquid.',0,'1993-11-30 00:16:57','1989-07-29 01:18:20'),(28,28,28,'Rerum illo reprehenderit id voluptatem eos fugit rerum. Et qui neque labore officiis.',1,'1985-10-19 10:21:09','2017-09-22 12:49:31'),(29,29,29,'Nostrum non ab quam unde similique repellendus. Aspernatur aut et consequuntur ipsa cum ratione. Veniam ea architecto nisi earum consectetur voluptas a nihil. Animi eum temporibus ut qui et.',1,'1987-07-04 14:01:31','2015-03-09 10:55:02'),(30,30,30,'Asperiores ducimus deleniti eius aut harum quis sunt repellendus. Et fugit quidem autem dolorem. Unde nisi est excepturi voluptates.',1,'2001-10-24 00:09:13','2012-12-22 01:08:53'),(31,31,31,'Qui cumque officiis earum ex est. Corrupti voluptas ut impedit quia fugiat ut similique. Est eos corrupti officia animi incidunt soluta.',0,'2018-04-25 01:05:18','1979-12-26 22:40:06'),(32,32,32,'Ad non enim autem numquam doloribus recusandae doloribus odio. Exercitationem ducimus consequatur sunt et molestias. Nisi labore consequatur perferendis qui ipsa. Accusamus voluptatem dolores id.',1,'1978-10-22 11:07:08','1996-05-26 03:27:45'),(33,33,33,'A praesentium qui blanditiis nemo ut sint. Beatae consequuntur accusantium quia doloribus excepturi exercitationem voluptatem. Non voluptatem ea commodi sed iste beatae voluptatem.',1,'2000-06-29 10:24:51','2012-04-13 00:01:04'),(34,34,34,'Tenetur qui temporibus delectus autem veniam distinctio non porro. Dolor et pariatur accusamus nesciunt. Iure amet quod esse quis. Delectus voluptas ea enim ea aut aut sint.',0,'2003-06-02 23:44:18','1997-02-24 09:00:52'),(35,35,35,'Ea fugit nihil recusandae dolorem. Aliquid accusamus excepturi eum inventore et molestias iste nostrum. Ut nisi rem iste eos laudantium.',0,'1974-05-02 07:16:40','2017-01-04 18:01:28'),(36,36,36,'Distinctio qui occaecati et maiores optio. A aliquid suscipit eius nisi dolor. Veniam incidunt expedita aut sint qui et.',0,'2018-03-03 15:53:47','1975-02-06 10:03:39'),(37,37,37,'In pariatur quisquam repudiandae voluptate voluptates. Sunt adipisci fugit officiis est nulla eos dignissimos. Doloremque ea nobis et quaerat harum eligendi quia aut.',0,'1984-04-17 08:08:08','1973-02-21 20:17:02'),(38,38,38,'Qui est sint deserunt quaerat magnam deleniti quia. Sunt est est odit velit. Molestias maiores quibusdam commodi autem a dicta.',0,'2018-09-27 13:53:26','1994-05-01 19:34:43'),(39,39,39,'Sit molestiae et mollitia quia. Expedita inventore ipsa voluptas eum aliquam ut sunt. Et et consequatur soluta. Harum dolor officiis necessitatibus in consectetur consequatur qui.',0,'2008-06-01 15:40:53','1974-11-22 03:23:35'),(40,40,40,'Ut eum quia rerum quaerat autem et. Esse ea voluptatum voluptatem eaque omnis.',0,'1998-06-01 07:34:47','1982-02-12 09:04:42'),(41,41,41,'Nobis expedita eveniet voluptas laudantium alias. Accusantium non dolor similique repellendus amet magnam. Odit quis tempore velit. Saepe voluptate aut consectetur doloremque.',0,'1989-05-13 01:01:36','1988-04-08 01:42:31'),(42,42,42,'Quisquam et eos et quis ab in. Voluptatem aut ut minima aliquid.',0,'2005-12-07 18:39:02','1974-04-30 23:10:13'),(43,43,43,'Ut asperiores quibusdam esse officia. Nihil fugiat excepturi recusandae animi quia expedita. Repellendus cupiditate quidem quia et reprehenderit modi.',1,'1999-12-28 09:49:55','1996-11-29 03:00:56'),(44,44,44,'Vel quo commodi similique eaque magni voluptas. Est ipsum est sapiente consequatur praesentium dolorem cupiditate. Aliquam asperiores rerum nihil. Unde eos error nulla eveniet tempore optio.',0,'2016-07-27 04:00:18','1984-05-24 05:26:10'),(45,45,45,'Magni mollitia molestiae quis placeat amet. Tempora ut et quaerat ad. Eligendi ad ipsa nobis quaerat.',0,'1982-04-07 21:26:12','1978-04-06 01:14:53'),(46,46,46,'Eos placeat a maiores et quaerat enim facilis quisquam. Dicta adipisci nam autem eligendi. Voluptatum quidem totam iure saepe porro ipsa. Sed ipsam praesentium porro nihil dolor.',0,'1995-06-07 04:14:17','1980-07-30 09:42:07'),(47,47,47,'Rerum cum voluptate ratione. Ut quis ea eligendi. Accusamus consequatur expedita corporis quasi sit.',1,'2001-08-31 00:05:44','1995-12-30 12:21:02'),(48,48,48,'Ut ad numquam animi qui aliquam qui excepturi. Ipsum facilis autem dignissimos expedita dolores et. Explicabo id error eligendi ipsum perspiciatis. Necessitatibus alias assumenda quidem natus.',0,'2008-04-28 03:52:59','1994-10-06 09:01:51'),(49,49,49,'Vel atque expedita iure labore ab. Autem voluptatem ipsam vitae saepe tenetur repellendus. Aut inventore qui eveniet.',1,'2020-08-14 05:57:52','2019-09-11 19:16:27'),(50,50,50,'Voluptatem veniam et a quis saepe. Harum voluptas perspiciatis dicta saepe. Consequatur ducimus qui modi voluptatibus. Iure illum non et quasi quibusdam.',1,'1994-05-31 16:16:34','1994-04-14 06:52:15'),(51,51,51,'Earum expedita exercitationem vero deserunt. Id eos nesciunt atque molestiae assumenda voluptas. Sed autem ipsam rem aut.',1,'2015-08-07 13:21:48','2015-02-09 14:24:41'),(52,52,52,'Totam voluptatibus aut error et. Sed laborum consequuntur ab ab delectus nobis. In reprehenderit sed voluptas dolore aspernatur vel quas.',0,'1999-05-19 22:03:32','1982-10-05 02:42:39'),(53,53,53,'Laborum sit ut distinctio nesciunt vero dolor qui. Consectetur nisi est omnis ratione aut quia. Assumenda omnis alias et error iure non adipisci temporibus.',1,'2003-05-02 16:53:23','1974-12-23 00:37:43'),(54,54,54,'Corrupti fugit ipsa voluptatem sint. Dolorem ducimus iste consectetur. Et nam dolores omnis.',1,'2005-03-01 13:11:51','1995-10-14 17:45:05'),(55,55,55,'Et qui ut ea voluptate sed. Odio autem nihil aperiam et molestiae. Molestiae fugit aspernatur voluptatem. Excepturi ea a dolorem recusandae nostrum voluptas quo.',0,'2011-08-18 01:50:19','1995-01-07 03:29:19'),(56,56,56,'Harum doloribus quam maxime sit. Ut sint vero odit tenetur placeat porro. Officia eaque et architecto qui alias est.',0,'2006-08-22 10:53:41','1975-11-28 05:30:50'),(57,57,57,'Odit sit necessitatibus rerum omnis non dolores enim. Recusandae est et reiciendis voluptates autem. Molestiae tempore sit delectus. A ut sequi ad porro saepe saepe. Impedit et sint voluptatibus.',1,'1977-08-17 06:48:09','2011-10-10 14:24:28'),(58,58,58,'Nihil velit nesciunt laudantium. Laudantium nostrum unde sit dolorem et. Est expedita minus atque et.',1,'1995-03-11 09:02:11','2006-08-29 00:40:56'),(59,59,59,'Aliquid nobis nostrum ut qui autem labore. Similique officia modi aspernatur molestias rerum. Ut labore enim sunt aut quas. Veniam reprehenderit est et et est pariatur repudiandae.',1,'1976-08-19 03:48:11','1988-03-17 15:54:20'),(60,60,60,'Quibusdam non corporis officia quibusdam molestias dolorum id. Ut quidem ut enim dolorem eius. Ducimus repudiandae itaque tempora velit odio magnam.',1,'1975-04-14 23:29:22','1988-01-18 10:07:58'),(61,61,61,'Magnam quod reprehenderit et sapiente neque. Optio dolore quam vero debitis. Rerum sed aut veritatis voluptas iste sequi ex.',0,'1986-06-19 07:33:05','1992-06-24 03:14:30'),(62,62,62,'Consequatur quas illum reiciendis. Sed est qui et veritatis vero recusandae dicta. Optio ea consequatur quis at ut.',1,'1994-01-22 15:41:45','2005-04-02 01:59:38'),(63,63,63,'Illum ut et quisquam minima. Nulla eveniet consequatur nostrum. Rerum dignissimos aperiam laborum non sed. Est odit consequatur vel culpa modi.',1,'1980-10-28 15:09:18','2000-08-10 15:57:48'),(64,64,64,'Officia qui tempore quia corrupti quis dolorem repellat. Accusantium amet error voluptates nulla quae a eligendi assumenda. Quae optio voluptatem voluptatem velit distinctio.',1,'1970-10-15 16:53:35','2000-11-03 11:01:00'),(65,65,65,'Aspernatur vel facere totam commodi ea id. Rerum inventore voluptatem rem. Tempora accusamus perspiciatis beatae omnis quibusdam.',0,'1995-03-20 14:56:33','2005-07-17 23:41:46'),(66,66,66,'Dolores earum doloribus et accusamus sequi ea quis. Omnis quo aut eaque rerum.',1,'1972-08-05 11:01:17','2020-02-29 22:50:57'),(67,67,67,'Est ut vitae velit officiis voluptates libero. Omnis doloremque omnis sed voluptatem minus qui temporibus. Nostrum accusantium cum enim.',0,'1971-08-02 05:45:34','2016-08-01 08:22:39'),(68,68,68,'Sed quasi quia placeat dolor voluptas aut vel. Odio enim velit cumque ex voluptatem in. Adipisci consequuntur et autem veniam.',1,'2004-10-10 09:19:24','2011-09-01 08:43:50'),(69,69,69,'Provident sit quos perspiciatis dolorem enim. Distinctio quae perspiciatis aliquid quis quam. Et explicabo corporis voluptates odit.',1,'1983-12-26 04:01:11','2003-07-12 10:11:19'),(70,70,70,'Assumenda dolorum consequuntur error eius dolores. Commodi animi sed vel cupiditate officiis. Quia dolorem quisquam quas iste. Eum placeat dicta laboriosam doloremque qui.',0,'1991-08-16 19:16:32','1977-01-12 04:12:34'),(71,71,71,'Hic incidunt quas et accusantium. Ut earum voluptas sit impedit et enim necessitatibus. Aliquid harum qui sunt ea voluptas et.',1,'1997-03-23 22:02:44','2001-06-22 06:11:54'),(72,72,72,'Occaecati quam maiores quia illum. Quod molestias corporis sunt officiis. Voluptatem magnam ipsa facere sit est esse est in. Velit quia dolorem dolorem blanditiis. Hic id et ea quia.',1,'1973-06-22 16:18:53','2009-08-05 10:42:42'),(73,73,73,'Vel est aspernatur dolor quia vero sapiente. Eos sunt quia assumenda eius sed. Dolores excepturi rerum qui omnis id odio est et. Saepe ex in vel laudantium optio.',1,'1995-03-23 19:38:23','2016-01-25 22:59:43'),(74,74,74,'Consequuntur ut voluptas earum est quod saepe dolores. Sapiente qui sed non. Odit velit ipsa labore voluptas qui aut. Autem consequatur optio sunt sit sed.',0,'1997-04-06 06:53:32','1973-06-05 15:04:10'),(75,75,75,'Dolore enim consequuntur maxime dolorem amet iste quis. Quo delectus eum nesciunt fugit sunt ut. Voluptas cumque laboriosam similique porro rerum.',0,'2012-12-24 20:08:13','2006-11-23 23:00:13'),(76,76,76,'Expedita sapiente et ratione. Perferendis repellendus culpa ducimus. Amet sed quis eius.',1,'2008-05-01 10:24:17','1978-03-12 21:35:59'),(77,77,77,'Mollitia sint eum omnis qui. Hic totam repudiandae sed distinctio vel quidem.',0,'2011-05-26 12:20:06','1983-06-15 18:40:04'),(78,78,78,'Nemo omnis cum ut iste rem. Molestias reiciendis repellat aut ipsa. Velit fuga eius architecto odio error nulla ducimus.',1,'1975-08-09 16:30:33','1975-04-19 00:03:12'),(79,79,79,'Et eum harum et veritatis labore. Quo non debitis possimus libero quo.\nEst quisquam eaque consequatur et officiis consectetur. Molestiae molestiae iusto eum illum quia qui. Eum nisi maxime est modi.',1,'2005-02-13 02:26:54','1976-05-12 15:31:12'),(80,80,80,'Iste sed impedit est ad nisi doloremque. Rerum repudiandae explicabo quia fugiat nostrum doloremque dignissimos. Dolorem dolore ab porro et nobis.',0,'2008-04-26 23:14:37','1995-10-12 14:50:56'),(81,81,81,'Laudantium commodi est sed quia. Ut nulla earum impedit deserunt maiores aut consectetur. Consequatur id ut quis ea nulla nemo sapiente accusamus.',0,'1982-12-27 11:37:27','1986-11-28 17:06:43'),(82,82,82,'Ut enim voluptatum voluptate similique. Quis impedit ut optio tempore. Eius qui ratione harum et qui.',1,'2009-10-19 00:43:29','2000-03-05 11:49:06'),(83,83,83,'Maxime porro sit maxime veritatis. Est est sed modi eveniet saepe dolores. Itaque maiores pariatur veniam aperiam qui vel. Consequatur molestiae sed aliquid praesentium.',1,'2018-06-12 18:27:38','2000-02-18 09:02:17'),(84,84,84,'Non laudantium unde adipisci velit eos. Autem rerum in dolorum perferendis aut deserunt quis. Et voluptas aliquam et eum vero.',1,'2007-02-04 15:56:39','2007-02-03 13:06:01'),(85,85,85,'Voluptas nemo et dolor sint voluptatibus odit. Qui fugit voluptates voluptas ipsum praesentium dolore ut. Amet nulla in quis aliquid quis veniam corrupti. Reprehenderit qui at architecto veritatis.',1,'1982-04-26 15:05:01','1973-05-20 08:48:15'),(86,86,86,'Est sed blanditiis sapiente aut. A ut ut nisi nulla. Pariatur ut repellendus dolores ut nihil minima.',1,'1996-12-02 17:31:10','1973-06-08 05:30:28'),(87,87,87,'Corrupti ab placeat ut minima qui. Quis consectetur eum aut maiores sapiente ab. Dignissimos architecto omnis qui sunt quia nobis. Et possimus est enim aut ipsa saepe consequatur.',1,'2005-08-16 17:41:54','2012-01-30 04:35:40'),(88,88,88,'Fugiat eum voluptas qui id perferendis tempora velit. Ut rerum veniam molestias impedit tempora. Repudiandae consequatur veniam ipsam laborum vel quia aperiam.',0,'2002-11-26 07:05:26','2010-04-07 19:51:31'),(89,89,89,'Beatae et quia perspiciatis quod totam impedit itaque incidunt. Minima non sint ut officiis praesentium dolor sit. Voluptatem aliquid delectus rerum nulla.',1,'1989-09-17 05:50:20','1984-11-08 06:51:53'),(90,90,90,'Ut praesentium ut aut voluptatum expedita quaerat repellendus et. Ut perferendis quia sequi rerum. Aut fugiat dolorum dolorem dolores perspiciatis quam quasi. Quo explicabo laudantium enim ab.',1,'1983-02-03 01:28:37','2012-07-19 02:51:52'),(91,91,91,'Sunt dolor non veniam repudiandae eos in nesciunt et. Veniam harum officia autem eligendi voluptatum voluptatibus eum voluptatem. Repudiandae rerum tempora accusamus aut natus illum.',0,'1982-01-04 05:30:10','1999-05-28 04:56:43'),(92,92,92,'Eligendi dolorem dignissimos excepturi et consequuntur blanditiis. Aperiam corporis occaecati iste itaque eveniet. Necessitatibus aut excepturi deleniti suscipit inventore repudiandae.',0,'1987-09-27 12:07:54','1980-06-02 09:47:54'),(93,93,93,'Aliquam odio voluptatem quia est. Vero aut nostrum aut ratione eius illo molestiae. Dignissimos voluptatem assumenda quibusdam et sed omnis.',1,'2011-04-25 00:48:22','1998-11-02 11:23:13'),(94,94,94,'Velit aut perferendis eveniet fugit. Ipsam soluta quis eveniet qui ut. Aut repudiandae autem rem. Minima corrupti debitis aperiam consectetur aut.',1,'1983-01-08 09:22:08','1991-07-23 15:46:54'),(95,95,95,'Ratione iste dignissimos fugiat accusantium exercitationem et nesciunt. Minus rem suscipit quam minima. Est consequuntur dolorum voluptas nemo eligendi.',1,'1986-07-12 20:04:51','1985-07-22 01:04:47'),(96,96,96,'Adipisci accusamus est rerum illum maxime. Similique sint quae omnis. Distinctio qui eius ut soluta expedita. Ab dolor odit facere aliquam. Aut voluptatum perferendis expedita esse minus ea omnis.',1,'1998-04-28 03:46:39','1994-09-13 18:36:07'),(97,97,97,'Et accusantium quo minima qui tempora. Sed omnis neque nobis harum et ut perferendis. Perspiciatis harum laborum optio amet est. Sunt inventore libero nesciunt nihil.',0,'1978-07-11 08:44:43','2020-04-19 08:00:42'),(98,98,98,'Tenetur a ipsum deserunt voluptas. Ut voluptatibus ipsum reiciendis voluptas incidunt. Dolorem cum eum quae officiis exercitationem. Odio qui molestiae iste quisquam quo iusto.',1,'2009-07-31 08:38:01','1987-05-14 01:47:46'),(99,99,99,'Neque dolor et enim sunt cum. Voluptatem dolores laboriosam ad incidunt voluptatem voluptatum totam ipsum. Atque cumque incidunt sed sint vero fugiat.',0,'1992-05-29 20:47:10','1991-02-23 21:00:16'),(100,100,100,'Enim odit sit praesentium quia beatae consectetur esse sed. Nesciunt quisquam atque dolorem sint nulla reiciendis. Sed laborum perspiciatis labore error recusandae perferendis et et.',1,'2010-04-29 00:19:56','1977-06-13 19:10:46'),(101,1,1,'Eos dicta doloremque non qui aut repudiandae. Rerum aliquam sit labore dicta vitae incidunt quam. Laborum modi exercitationem amet rerum sunt in.',0,'2005-05-07 21:28:25','1977-04-30 13:32:10'),(102,2,2,'Est aut amet eius. Et repudiandae est nisi ipsam culpa omnis sit. Quia voluptate harum sed porro molestiae.',1,'1995-02-21 15:12:33','2016-07-03 03:04:46'),(103,3,3,'Consequuntur ullam praesentium temporibus laboriosam voluptatem qui dolore. Non provident quisquam omnis.',1,'1970-09-29 12:09:20','2015-03-15 02:09:32'),(104,4,4,'Aliquid provident eum saepe. Iusto laboriosam aperiam sint expedita vel vero libero sed. Quia qui iste distinctio beatae reprehenderit aut. Neque molestias dolor nesciunt magnam.',0,'1992-12-14 14:25:02','2020-12-17 09:01:54'),(105,5,5,'Similique perferendis facere mollitia et. Eos similique aut blanditiis id qui laboriosam.',1,'1972-06-12 08:36:16','1984-08-09 23:38:05'),(106,6,6,'Sit ipsam dolorum placeat sed deleniti sint. Ab omnis consequatur corrupti nostrum veniam aut. Perspiciatis reprehenderit itaque ratione ipsam sed.',1,'1990-01-15 07:56:31','1982-08-07 15:57:02'),(107,7,7,'Nemo aperiam dicta placeat placeat. Qui rem laboriosam ut placeat quia. Et expedita magnam ipsa totam. Blanditiis vero consectetur delectus corrupti est.',0,'1997-04-27 07:56:45','2003-11-04 07:11:36'),(108,8,8,'Modi at ut necessitatibus qui a qui. Quasi quo sunt ea eaque odit sunt alias. Voluptatum molestias qui aperiam accusantium corporis. Similique culpa nobis harum iste fuga.',1,'2010-01-04 21:35:23','2009-11-09 17:04:05'),(109,9,9,'Est animi sit cum veritatis facilis in. Numquam est ut qui veniam consequatur veritatis. Cum ipsum quod sunt omnis blanditiis. Numquam exercitationem aut dicta in.',0,'1972-01-20 08:29:29','2016-01-24 01:13:17'),(110,10,10,'Magni nostrum ut quia nobis hic molestiae mollitia veniam. Accusantium qui explicabo dignissimos unde qui veritatis totam. Iusto aut aliquam saepe rerum inventore in voluptas.',1,'2007-04-07 14:12:04','2003-12-09 11:27:22'),(111,11,11,'Earum est dolorem laudantium qui quod et. Qui aut aut est est eaque dolor est.',1,'2007-08-05 14:32:43','1990-03-02 22:28:34'),(112,12,12,'Officia eos soluta autem asperiores numquam veritatis. Sint in unde cupiditate sunt mollitia facere rerum. Sapiente ut id eos provident iusto tempore.',0,'1971-02-25 14:20:09','1973-01-05 20:20:56'),(113,13,13,'Aliquam nihil voluptas quis ut cupiditate. Quaerat saepe sapiente voluptatem inventore. Quo autem sed nisi reiciendis ipsam.',0,'1985-10-01 02:13:19','2000-06-16 21:04:37'),(114,14,14,'Aut iure ratione sunt. Non fugiat fugit est sit velit aperiam. Sunt aut corporis in distinctio sint voluptate harum quae.',1,'1984-01-09 20:47:20','1998-10-23 01:09:41'),(115,15,15,'Suscipit commodi hic sint doloremque ullam vitae. Enim et molestias ullam. Architecto aut pariatur ut distinctio.',0,'1980-03-03 15:28:33','2015-09-04 04:06:36'),(116,16,16,'Optio possimus voluptate quod aut molestiae sit similique et. Perspiciatis nihil harum numquam. Repudiandae numquam aspernatur nisi voluptatem nihil beatae repudiandae.',0,'2002-04-14 17:40:01','1980-03-07 14:31:21'),(117,17,17,'Debitis laudantium qui id quos dolor repudiandae enim. Quam perspiciatis provident omnis. Iure omnis repellat quam aut perferendis optio. Aut ut atque ut.',1,'2010-03-25 05:21:29','1989-08-26 15:12:16'),(118,18,18,'Quis eius reprehenderit ut illo. Distinctio labore nostrum consectetur iste odit qui ab. Ea nihil deserunt optio sequi non aut tempora.',1,'1995-08-17 13:47:01','2018-03-09 07:34:45'),(119,19,19,'Facilis quam veritatis esse. Quasi rerum ut voluptates. Delectus voluptatem nam cupiditate nostrum ipsa. Voluptatem sit temporibus est.',1,'1997-11-23 16:17:04','2002-06-30 13:48:00'),(120,20,20,'Deserunt quia consequatur perspiciatis qui id aut tempore sed. Suscipit et sint ea aperiam aliquid alias. Pariatur dicta corporis voluptas omnis. Et illum aut commodi expedita velit eum autem.',0,'1990-03-17 20:16:28','1996-03-11 04:20:16'),(121,21,21,'Illo est aut quidem dolorem totam iusto. Doloremque illum accusamus enim autem. Ut qui et quis dolorem at quidem quo consequatur. Doloribus natus numquam temporibus sunt alias.',0,'1994-01-29 03:48:27','2020-11-20 01:44:04'),(122,22,22,'Repellat rerum est qui iusto esse nostrum. Est voluptas minus illum sint cumque. Ad aut autem ipsam voluptas.',0,'1984-01-18 19:47:12','1988-02-17 23:14:34'),(123,23,23,'Impedit error autem sequi omnis consectetur perferendis et eius. Iure reiciendis provident facere unde qui. Repellat eum alias eaque ut. Recusandae ullam asperiores magni sit fuga velit ea et.',0,'1981-11-09 07:14:21','1973-04-25 09:50:30'),(124,24,24,'Accusamus voluptatem nam odit consectetur sint voluptas. Aut harum ducimus non officia enim. Cum occaecati minus quia et odio.',1,'2009-02-01 00:37:58','2015-10-24 14:52:23'),(125,25,25,'Ullam minus ut architecto qui quia. Itaque illo nostrum sit ut in. Nostrum delectus laboriosam nostrum.\nId voluptatem quo dicta sint. Quis aliquam debitis voluptatem est.',0,'1984-11-22 07:14:55','1988-01-03 07:41:52'),(126,26,26,'Neque quas et reprehenderit eaque sint. Dignissimos unde repudiandae quod quidem cum laudantium. Unde nesciunt qui et.',0,'1974-09-20 17:39:49','1986-11-01 23:07:50'),(127,27,27,'Id voluptatem sed maxime eaque. Eos asperiores nostrum maiores rem.',1,'2007-05-14 12:05:54','2003-09-21 14:54:52'),(128,28,28,'Incidunt provident nihil deleniti itaque. Enim labore amet ipsum ut provident. Architecto odit aut veritatis dignissimos impedit.',0,'1975-06-03 09:20:18','1985-10-29 17:31:31'),(129,29,29,'Quo quam id explicabo qui voluptatem. Facilis minima velit nisi officia alias nemo. Dolore ut ut animi porro ut rem voluptatem.',0,'2008-03-12 12:54:03','2007-11-21 18:01:01'),(130,30,30,'Et rerum illo odio doloremque minus animi sunt exercitationem. Fugit ut dolorem esse aut. Dolor molestias nihil cupiditate voluptas.',0,'1979-06-02 20:24:36','1980-05-06 22:29:56'),(131,31,31,'Nam quia enim magni. Laborum provident dolores ducimus molestias a. Blanditiis vero molestiae accusamus nihil.',1,'1998-02-22 20:37:38','2016-02-05 21:29:30'),(132,32,32,'Rerum enim excepturi quibusdam eius fugit ipsa et. Saepe officiis voluptatem amet et et similique quae deleniti. Velit quasi et quod deserunt.',0,'1976-03-12 18:07:35','1993-08-28 14:57:45'),(133,33,33,'Et nihil distinctio optio reiciendis aspernatur. Maiores perspiciatis non possimus distinctio. Ut veritatis voluptas voluptates officiis. Neque exercitationem aut totam quaerat non accusamus.',1,'1999-05-19 15:54:29','1997-07-15 20:44:31'),(134,34,34,'Recusandae minima accusamus eos distinctio. Amet veritatis similique consectetur temporibus blanditiis esse iure debitis. Porro saepe dicta animi aut.',0,'2016-06-25 07:49:53','1976-06-17 22:11:51'),(135,35,35,'Et quia et eligendi aperiam id maiores. Officiis vero sit saepe ipsa sit qui. Sit debitis quos optio quaerat vel dolores. Sequi perferendis repellat quo laudantium voluptatum et ut expedita.',1,'1994-12-25 05:04:21','1976-11-09 03:14:33'),(136,36,36,'Veniam harum ut similique magnam molestiae blanditiis ipsa vitae. Tempore unde aliquid aliquid hic. Maiores quia voluptatem aut nihil sunt eum. Sit nihil ullam repellat.',1,'2010-07-29 05:23:53','1985-12-30 13:49:10'),(137,37,37,'Sint consectetur eum non odit iure. Odit id corporis sint perferendis. Omnis ratione libero voluptatum autem. Magnam veritatis non consequatur eos aliquid voluptatem illo.',0,'1970-01-09 06:45:46','1973-02-15 01:17:03'),(138,38,38,'Mollitia non optio a eum. Beatae sit commodi et ullam aut quos quidem. Voluptate quis ea repudiandae.',1,'1990-02-06 15:14:32','2003-01-04 00:58:46'),(139,39,39,'Cumque dignissimos sit facilis ipsum sed. Corrupti aut ipsam qui aut necessitatibus. Voluptas dignissimos officia quaerat labore deserunt quia nihil. Vero eius error ea fugiat nostrum expedita.',0,'1978-04-08 03:36:55','1979-05-17 09:26:10'),(140,40,40,'Nostrum perspiciatis repellat dolores eos maiores laborum sit est. Iste dolor hic voluptate qui id.',0,'1971-04-23 01:37:45','1997-03-28 01:08:10'),(141,41,41,'Placeat delectus consequatur ad et dolorum. Minima placeat error aut ut recusandae maiores ab. Consequatur fuga nihil aut et. Quis a eos debitis qui molestiae.',1,'2012-08-06 23:21:31','2014-09-02 00:47:24'),(142,42,42,'Illo ratione expedita aliquam nesciunt ullam. Eos sequi nostrum voluptatem dolorem quam dolore. Deserunt cupiditate consequatur magni tenetur eum.',0,'2002-09-09 19:07:55','1999-02-27 17:11:11'),(143,43,43,'Praesentium eos et aut nulla eos quisquam fugiat. Ex hic dolores officiis aut voluptas. Numquam praesentium voluptates rerum. Quia nesciunt ea voluptas suscipit fugit ut culpa et.',0,'2009-01-21 02:44:49','2012-03-29 20:49:42'),(144,44,44,'Voluptatem consequatur nostrum modi blanditiis eum aut. Voluptatem inventore reiciendis beatae rem eum. Cum nemo et quis voluptatem perspiciatis.',1,'1991-12-12 14:48:35','2009-08-08 18:25:08'),(145,45,45,'Maiores repudiandae in tempore debitis culpa incidunt iste. Atque deserunt sapiente doloribus. Minus nobis itaque aspernatur. Molestiae ut voluptates suscipit ut corporis rerum.',1,'1980-02-12 08:16:00','2008-09-21 02:49:56'),(146,46,46,'Sed totam laboriosam fugiat expedita quasi consequatur. Soluta mollitia facilis distinctio. Ratione autem voluptates quidem dolores eveniet possimus. Libero ipsum cumque aliquid iure quis iure sit.',0,'1980-01-07 23:07:34','2010-09-23 05:56:07'),(147,47,47,'Vel modi dolore praesentium nulla dolorem optio ullam. Ut quo numquam possimus explicabo quibusdam. Vitae est dolores similique magnam eaque. Reprehenderit magnam nihil quam qui enim.',0,'2006-09-19 22:55:13','1977-01-31 18:35:06'),(148,48,48,'Aspernatur ut delectus exercitationem assumenda doloremque debitis impedit. Quia dolor in repudiandae amet. Corporis facilis quasi voluptatem iure.',1,'2000-02-04 08:52:38','2015-07-24 00:05:19'),(149,49,49,'Nam maiores nemo velit ullam placeat. Ducimus minima commodi est sed. Soluta consequatur omnis qui quis provident et. Provident fugiat aliquid eum accusantium dolorem voluptate quos.',0,'2001-04-07 14:20:50','2013-09-01 02:54:50'),(150,50,50,'Quas sit mollitia quo expedita. Blanditiis dolore laboriosam soluta hic. Consequatur qui et quas accusantium. Enim unde dolore veritatis architecto est reprehenderit quos nemo.',0,'2005-03-08 19:49:51','1999-09-03 11:08:29'),(151,51,51,'Placeat saepe culpa est nisi. Quia repudiandae ullam aut ad excepturi et et. Dolor eligendi aliquid qui. Cupiditate eius aut aut reiciendis ut.',1,'2004-06-20 12:55:24','2008-10-07 15:29:47'),(152,52,52,'Ex nisi repellat eveniet eius nemo. Libero commodi asperiores praesentium ab molestias excepturi nihil. Non id porro voluptate odit. Numquam sit eum ratione officia.',0,'1992-05-07 10:56:49','2012-07-18 20:30:49'),(153,53,53,'Est sint consectetur eligendi. Et ipsa ullam hic quia sit cum. Cum nam culpa adipisci.',1,'2005-10-02 12:51:01','1972-06-08 08:59:59'),(154,54,54,'Voluptates voluptas hic commodi eaque hic. Perferendis quia qui iste praesentium rerum. Nihil rem omnis assumenda sit neque. Mollitia impedit officia libero ut unde facilis reiciendis.',0,'2017-11-01 15:14:01','1971-10-22 04:03:33'),(155,55,55,'Distinctio ut aut saepe ut. Minus nesciunt ea voluptas odit illo. Saepe facilis quo est ea.',0,'1988-04-28 01:38:51','1988-03-29 21:56:34'),(156,56,56,'Et numquam ut sunt consectetur doloribus. Ut laudantium aut quod nihil quia. Dolorem doloribus blanditiis consequatur exercitationem eos.',0,'1990-12-14 17:34:44','1980-09-22 00:23:35'),(157,57,57,'Qui id et sed at. Ea at voluptates animi aliquam est minus sunt sed. Molestiae qui aliquid nam rerum et sint expedita.',1,'2020-11-07 23:23:42','2014-05-20 13:36:46'),(158,58,58,'Id ullam voluptatem est nesciunt autem et. Deserunt rerum vitae veritatis earum dolorem. Vel maiores eius non quas nulla dolorem ut. Omnis et enim occaecati tenetur repudiandae.',1,'1990-04-07 07:26:14','2018-11-12 11:35:41'),(159,59,59,'Mollitia nemo quasi sequi quas ut sapiente. Et commodi reiciendis error explicabo dolores. Ab minima voluptatem nesciunt et assumenda odio quisquam.',0,'1977-01-22 22:21:25','1990-05-08 23:37:24'),(160,60,60,'Quae autem expedita quisquam vel molestias. Amet iste aut sunt iusto aut. Qui ducimus accusantium dolores repudiandae totam.',0,'1989-09-07 23:42:20','1989-08-05 12:12:20'),(161,61,61,'Quia qui rem quidem voluptates non et. Eum animi ea omnis quo nostrum. Officiis hic modi iure sint. Consequatur reprehenderit nesciunt fuga et.',0,'1978-05-15 11:27:01','2017-09-03 23:05:20'),(162,62,62,'Nostrum consectetur est sunt officiis eveniet enim reiciendis. Eum vel error porro error dolores. Tempore voluptatem hic sapiente facilis nobis odit.',1,'1987-04-18 07:29:12','1997-04-05 18:12:30'),(163,63,63,'Neque doloremque iusto ea iste animi consectetur dicta. Occaecati adipisci quae cupiditate qui est eligendi qui. Et occaecati ducimus id laborum consequatur veritatis sed.',1,'2014-03-07 06:38:18','1980-11-18 05:08:44'),(164,64,64,'Velit qui harum voluptatem itaque. Quo deserunt provident enim quasi. Doloremque quia ex quas aliquam. Incidunt repellendus quia sit quae dicta provident sunt.',1,'1995-10-21 18:58:15','1970-03-06 17:12:33'),(165,65,65,'Dolore fuga officia delectus quia. Tenetur aut molestias culpa tenetur voluptatem. Non voluptatem eveniet quis velit laboriosam sapiente odio.',1,'2006-09-06 00:27:55','1986-04-29 02:42:42'),(166,66,66,'Qui optio architecto culpa culpa repudiandae exercitationem. Sed quam voluptatibus quia cupiditate. Dicta dicta tenetur sequi maiores.',0,'2000-05-29 04:31:49','2017-11-20 14:31:50'),(167,67,67,'Veritatis ea modi ipsa. Quasi rem qui veritatis est. Nihil ab occaecati rerum iste illo praesentium non suscipit. Quo illo saepe rerum corrupti facere sequi.',0,'2011-10-11 18:33:54','1998-03-08 10:53:55'),(168,68,68,'Quos unde alias voluptas facilis odio. Soluta autem et et eos pariatur repudiandae. Consectetur odit et aut iusto inventore.',0,'1997-12-25 21:09:27','2020-12-13 06:31:08'),(169,69,69,'Labore mollitia quis autem ipsa voluptates sequi. Enim sit cum ea quaerat.\nIllo ea at eos voluptatem quas. Consequatur enim nam aut corporis. Sapiente nostrum quia quo voluptatem.',1,'1970-09-28 13:47:16','2016-10-29 06:24:07'),(170,70,70,'Vel a blanditiis accusantium deleniti placeat rem iste eos. Expedita maxime aut facilis laborum itaque. Sit ut modi eum deleniti. Magnam inventore non repellendus consequatur.',0,'2014-06-24 06:31:44','1981-10-15 20:35:48'),(171,71,71,'Corporis inventore dolor voluptatibus ut. Ducimus saepe quasi quas nemo. Esse aperiam eos autem dolorem.',0,'1978-03-14 03:41:03','1976-11-24 01:35:02'),(172,72,72,'Accusantium eos natus quaerat. Quam sunt quas quis beatae et. Eaque quaerat aut rerum dolorem cupiditate ut. Voluptas nulla culpa sit et dicta.',1,'2011-07-30 00:09:38','1993-06-01 19:10:17'),(173,73,73,'Quidem dolorem quis quibusdam sed. Dignissimos necessitatibus doloribus voluptatem maiores. Quia et magnam ut assumenda dicta doloribus. Culpa et quibusdam quas autem.',0,'2017-01-22 17:19:20','1977-09-11 03:29:55'),(174,74,74,'Omnis nobis sequi totam perspiciatis. Ullam necessitatibus necessitatibus qui. Similique sint fuga cum error dolor voluptatum enim.',0,'2016-06-18 18:22:23','1997-06-03 01:16:55'),(175,75,75,'Iure ipsum et placeat perferendis officia beatae quisquam. Omnis qui doloribus quam optio aspernatur. Nisi hic error quis laborum pariatur. Enim ipsam nam eum beatae molestias.',1,'1978-07-15 03:01:38','1992-01-19 18:13:56'),(176,76,76,'Id explicabo sit cum debitis quia omnis. Eius quos magnam magni et repudiandae beatae laborum. Nulla eveniet aliquid saepe et. Aut velit commodi eveniet deleniti qui esse.',1,'2002-05-25 17:58:02','1984-01-07 16:36:42'),(177,77,77,'Aperiam omnis saepe iusto quisquam velit facere fugit. Culpa ratione repudiandae in cumque facere. Qui est voluptatem omnis dolores ab nulla hic. Doloremque eum ut velit nesciunt maxime officia.',0,'1977-07-05 11:15:01','2001-03-22 00:49:29'),(178,78,78,'Quam nihil error et voluptas et. Accusamus consequuntur accusantium veritatis illo omnis culpa minima. Ratione sed ratione rerum provident nihil quam odit sunt.',0,'2005-11-10 01:37:26','2018-02-25 16:09:23'),(179,79,79,'Maiores magnam impedit in. Dolore dolorem quos accusamus officia libero amet. In ad non autem quia. Aut consequatur ipsum qui quibusdam alias laudantium.',1,'2011-02-04 07:16:54','1983-04-27 05:58:24'),(180,80,80,'Sapiente rerum voluptatem odio architecto quia. Amet quis numquam tempora est. Optio omnis ad omnis quia modi ut labore. Aliquid iste voluptatem tempore voluptatem.',1,'1971-09-10 08:14:29','1985-06-03 18:15:05'),(181,81,81,'Occaecati debitis ex aliquam exercitationem. Ipsum sit ea quia voluptatem voluptatem vel dignissimos. Adipisci nisi minima culpa at.',0,'2019-11-18 00:12:16','1999-06-22 13:34:19'),(182,82,82,'Quidem explicabo voluptas reiciendis qui harum saepe sint. Omnis molestias fugit saepe debitis.',1,'2010-11-02 21:24:26','1973-03-02 01:30:24'),(183,83,83,'Rerum quaerat magnam consequatur accusamus. Suscipit libero perspiciatis ducimus excepturi dolores. Quod mollitia sit natus impedit vitae ullam.',0,'1988-02-16 21:59:22','2012-06-15 07:42:39'),(184,84,84,'Rem ex labore laudantium fuga. Maxime quia tempora dolore. Sit sed est ea qui animi itaque qui.',1,'1982-06-04 10:01:09','1983-11-23 11:57:10'),(185,85,85,'Recusandae dolorem et quis omnis. Doloremque dolores aut porro sunt neque nulla non. Debitis mollitia quaerat sed dolores enim tempora.',1,'1973-01-29 22:03:27','1971-04-02 05:31:52'),(186,86,86,'Cumque et excepturi commodi est modi. Rerum molestiae recusandae rerum. Aut dolorem omnis doloremque harum reprehenderit perferendis. Dolorum vel illo magni maxime dolores.',1,'2015-07-09 12:22:35','1976-12-04 17:26:16'),(187,87,87,'Blanditiis laborum nihil eligendi facilis. Laboriosam alias atque voluptatem maiores voluptatem earum. Reiciendis facere facilis sit consequatur.',1,'1989-02-07 21:17:30','1998-04-26 21:59:09'),(188,88,88,'Soluta in velit ut voluptas neque. Quod nemo nisi qui doloribus eligendi qui aut. Veniam officiis rerum soluta rem est facere vel. Aut qui dolorem odit alias dignissimos doloribus eveniet.',0,'2007-06-26 08:41:58','1991-05-22 04:12:46'),(189,89,89,'Eveniet modi reiciendis officia dignissimos possimus vero sapiente esse. Consequatur cumque praesentium rerum corrupti quibusdam. Voluptatem nihil quam soluta ab nostrum asperiores consequatur.',1,'2002-09-03 13:00:52','1987-11-26 03:50:47'),(190,90,90,'Vel veritatis eum blanditiis quo necessitatibus. Nihil harum deleniti aliquam quos animi magnam vel. In rem asperiores ab temporibus. Blanditiis illo sequi tempora molestiae.',0,'1979-08-07 02:48:30','1977-08-29 07:30:37'),(191,91,91,'Et placeat quo voluptates ex. Quos eaque rerum et dolores. Quod architecto consequuntur et placeat vero unde sint.',0,'1984-06-15 05:46:02','2016-02-15 23:28:04'),(192,92,92,'Non rem quaerat eveniet aut optio sunt. At laboriosam et aut perferendis ipsum a esse. Fugiat aut consequatur hic qui et iste provident dolorum.',1,'1989-10-09 21:29:11','1979-07-31 21:25:12'),(193,93,93,'Ullam voluptate consequatur nisi repellendus repellendus. Aut molestiae sunt quia mollitia. Reiciendis ea voluptas aliquam omnis commodi optio. Accusantium quas quaerat ipsam vitae non.',0,'1994-12-24 11:19:48','2006-11-18 22:23:05'),(194,94,94,'Nobis dolorem quis nobis. Optio consectetur id necessitatibus quo rem. Porro dolor aut soluta mollitia. Nesciunt quia aut quas dolor facilis voluptas est.',1,'1970-02-05 01:07:03','1999-08-22 06:10:08'),(195,95,95,'Incidunt necessitatibus ipsam atque est. Earum dolorem aspernatur eos voluptas et laborum. Commodi illum consequatur est quisquam dolores. Quod omnis earum rerum quisquam omnis.',1,'2014-04-01 09:11:42','1995-10-22 02:45:07'),(196,96,96,'Saepe nobis exercitationem totam qui. Doloremque ut est eligendi doloribus quisquam. Id est dicta quidem hic.',1,'2018-06-17 16:01:02','2003-07-15 14:09:20'),(197,97,97,'Impedit molestiae aut rerum. Sed sit repellendus deleniti perferendis aut vel beatae. Quo sequi eveniet voluptatum non ut deserunt voluptatem. Accusantium eos voluptate et in quae sint cupiditate.',1,'2015-10-06 09:12:49','2019-12-08 03:53:38'),(198,98,98,'Aliquid nostrum exercitationem et reiciendis neque aut ex. Ipsa dolorem dicta ipsam aspernatur nam. Eos tempore aut accusamus enim.',1,'1997-10-09 10:42:48','2020-06-07 07:12:43'),(199,99,99,'Ullam possimus reiciendis libero impedit laudantium dicta. Est accusantium ratione fuga ab dolore. Tempore nam id eos numquam corrupti in. Eos ut aut exercitationem voluptatem praesentium optio.',0,'1995-07-28 10:17:04','1980-05-04 23:21:07'),(200,100,100,'Recusandae ab temporibus laboriosam aspernatur. Expedita sequi rerum dolores quidem inventore ipsam consequatur repudiandae. Maxime amet porro eius provident facilis asperiores velit quam.',0,'1981-07-20 16:40:55','2011-02-20 15:00:54');
/*!40000 ALTER TABLE `messages` ENABLE KEYS */;
UNLOCK TABLES;

--
-- Table structure for table `profiles`
--

DROP TABLE IF EXISTS `profiles`;
/*!40101 SET @saved_cs_client     = @@character_set_client */;
/*!40101 SET character_set_client = utf8 */;
CREATE TABLE `profiles` (
  `user_id` bigint(20) unsigned NOT NULL,
  `gender` enum('f','m','x') COLLATE utf8mb4_unicode_ci NOT NULL,
  `birthday` date NOT NULL,
  `photo_id` bigint(20) unsigned DEFAULT NULL,
  `user_status` varchar(30) COLLATE utf8mb4_unicode_ci DEFAULT NULL,
  `city` varchar(130) COLLATE utf8mb4_unicode_ci DEFAULT NULL,
  `country` varchar(130) COLLATE utf8mb4_unicode_ci DEFAULT NULL,
  UNIQUE KEY `fk_profiles_users_to_idx` (`user_id`),
  UNIQUE KEY `photo_id` (`photo_id`),
  CONSTRAINT `fk_profiles_users` FOREIGN KEY (`user_id`) REFERENCES `users` (`id`)
) ENGINE=InnoDB DEFAULT CHARSET=utf8mb4 COLLATE=utf8mb4_unicode_ci;
/*!40101 SET character_set_client = @saved_cs_client */;

--
-- Dumping data for table `profiles`
--

LOCK TABLES `profiles` WRITE;
/*!40000 ALTER TABLE `profiles` DISABLE KEYS */;
INSERT INTO `profiles` VALUES (1,'x','2012-04-22',495564112,'Optio aspernatur omnis aut tem','Gislasonbury','Niue'),(2,'x','2014-03-19',60260,'Ex similique asperiores volupt','South Davinhaven','Norway'),(3,'x','1991-09-13',424,'Odio corrupti iusto voluptas e','North Edwina','Italy'),(4,'x','1998-02-04',48,'Expedita est quis voluptatem d','Lake Ahmedmouth','Australia'),(5,'x','1983-03-23',471792627,'Debitis quibusdam quia velit s','Lewland','Hong Kong'),(6,'m','2005-09-05',223606945,'Iusto sit veritatis error quas','East Jadon','Burkina Faso'),(7,'f','1980-02-04',6,'Qui qui vel consequatur in tem','West Alainaburgh','Ecuador'),(8,'f','2005-08-14',707662,'Minima dolores velit inventore','Port Hilma','El Salvador'),(9,'m','1988-09-29',587585,'Dolore rem iusto repellat. Acc','Port Paul','Lebanon'),(10,'m','1975-11-16',439,'Ab minus in et ea commodi. Qui','Vandervortshire','Cambodia'),(11,'f','1996-07-14',64705,'Quam laudantium id corrupti vo','Lempiside','Costa Rica'),(12,'x','2005-01-29',0,'Repellat rerum quidem deserunt','East Ruthie','United Kingdom'),(13,'f','1980-08-26',886440250,'Temporibus perspiciatis itaque','South Misaelside','Syrian Arab Republic'),(14,'m','1998-08-21',7868,'Nihil tenetur dolores soluta i','Kelsiemouth','Haiti'),(15,'m','1991-12-27',3,'Ea et iusto nihil impedit. Del','West Isabell','Bermuda'),(16,'m','1975-01-22',2,'Nobis temporibus molestiae ass','Port Johathan','Lesotho'),(17,'f','1999-03-13',309801878,'Rerum ab placeat consequatur. ','Arnulfotown','Montserrat'),(18,'x','1970-07-18',464050,'Illum aut rerum consequatur ut','Botsfordmouth','France'),(19,'m','1994-03-08',2534,'Modi sint aperiam ut consectet','North Vanchester','Mali'),(20,'x','1972-07-02',501155903,'Quae deserunt quia magnam. Tem','Hollymouth','Bermuda'),(21,'f','1993-12-23',356,'Culpa doloribus numquam perfer','North Hildatown','United States of America'),(22,'x','1991-07-30',1,'Dignissimos molestiae aut modi','West Aracelymouth','France'),(23,'m','2017-04-29',831,'Magnam nihil et sunt nam aut e','Amandaburgh','Nauru'),(24,'x','1988-11-11',401030,'Quidem voluptates tenetur quis','Lake Torrancebury','Marshall Islands'),(25,'f','1986-09-14',81650,'Dolor qui necessitatibus moles','Crooksshire','Israel'),(26,'f','1970-04-28',93529832,'Omnis fuga suscipit fugiat rat','Kunzestad','Spain'),(27,'m','1983-02-14',92764946,'Repudiandae fugit quia nihil a','Jerroldton','Canada'),(28,'x','1977-03-12',8,'Alias ut enim nulla ab ut cons','Franeckitown','Northern Mariana Islands'),(29,'m','2009-02-17',4180977,'Consequatur in ut non temporib','New Juana','Mongolia'),(30,'f','1971-03-22',94154265,'Sed ut fuga esse dolores qui. ','East Shakira','French Southern Territories'),(31,'x','1982-09-20',469636,'Sit omnis aut nulla ut enim. O','East Glen','Mauritania'),(32,'m','2001-02-08',161,'Et iste tempora debitis qui. E','Ethelynmouth','Rwanda'),(33,'x','1999-03-10',4999,'Quae ut velit ullam et quos. A','South Maudeton','Falkland Islands (Malvinas)'),(34,'x','1999-10-15',4,'Repellendus amet architecto au','Collinsmouth','Kiribati'),(35,'x','2020-07-28',71517403,'Velit distinctio quasi quia qu','New Ellieshire','Bosnia and Herzegovina'),(36,'f','2007-07-17',377643588,'Quam repellat quibusdam dolore','West Ludieburgh','Slovenia'),(37,'x','1979-05-06',8798277,'Quis est quis eos aspernatur p','Lenorebury','Greenland'),(38,'m','1991-02-05',24517716,'Alias neque tempora illo quis ','South Grant','Iraq'),(39,'f','1994-06-17',50,'Iste deserunt qui in aliquam. ','New Maxie','Cameroon'),(40,'m','1996-02-21',1849778,'Qui nisi molestias ut. Dolorem','New Torrance','Bolivia'),(41,'x','2020-07-18',5234,'Beatae id excepturi est volupt','North Myrna','Saint Lucia'),(42,'m','1998-12-26',96450,'Sapiente blanditiis ea ut aute','Edaview','Brazil'),(43,'m','1970-04-16',3159,'Modi sequi molestias velit nam','Ashleighview','Tunisia'),(44,'m','1991-05-11',75069983,'Cupiditate quia eligendi quibu','West Colten','Lao People\'s Democratic Republic'),(45,'x','2010-06-08',428532,'Sit magni eius eum assumenda e','West Antonina','Venezuela'),(46,'x','1997-04-30',23,'Nobis fugit est ea neque debit','South Feliciaburgh','Holy See (Vatican City State)'),(47,'x','2013-04-26',4982,'Sapiente ducimus sapiente eum ','Beattychester','Norfolk Island'),(48,'x','1975-03-03',26,'Non fuga repudiandae quo provi','South Orpha','Ghana'),(49,'m','1999-04-04',61407,'Necessitatibus dolorem ex dict','East Katrine','Ghana'),(50,'x','1994-01-31',937,'Et non quia commodi vel. Quas ','East Feliciastad','Malawi'),(51,'m','1987-01-12',16,'Sed natus tempora ea aut. Reru','New Nona','Korea'),(52,'x','1998-01-27',84,'Eligendi sint maiores blanditi','South Minaland','Portugal'),(53,'x','1987-05-13',30,'Voluptatibus laboriosam et aut','South Jacky','Israel'),(54,'m','2002-04-18',5841952,'Aliquam placeat est fuga esse.','Melvinberg','Niger'),(55,'m','1989-05-01',446715858,'Molestiae ut cumque dolorem es','Port Maximillianhaven','Cambodia'),(56,'x','1977-03-18',983271951,'Nostrum possimus incidunt accu','Roobstad','Uzbekistan'),(57,'f','2000-05-11',253567,'Dolorem et et omnis eligendi e','Beattymouth','Sudan'),(58,'f','1971-03-09',127,'Illum velit accusantium nostru','East Verntown','Cocos (Keeling) Islands'),(59,'f','1999-04-16',52425906,'Et voluptatibus eaque reprehen','Port Lauryn','Nigeria'),(60,'f','1997-03-19',856,'Ea magnam vel officiis omnis f','Maviston','Kiribati'),(61,'x','2004-03-18',750,'Rerum consectetur et alias nos','Port Uriah','Lithuania'),(62,'x','1980-06-27',912005,'Ut perferendis molestiae digni','New Clark','Holy See (Vatican City State)'),(63,'x','2013-04-26',670575,'Cupiditate repudiandae enim as','Schambergerview','Heard Island and McDonald Islands'),(64,'m','2010-04-27',831850,'Repellat unde beatae eos expli','Kautzerport','Gambia'),(65,'m','1996-07-05',5809,'Fuga ut sequi sed eius aliquam','Lake Josh','Bermuda'),(66,'f','2004-09-23',1492,'Deserunt atque qui fugiat culp','Windlerland','Burkina Faso'),(67,'f','1979-08-29',10,'Eum sit et cupiditate mollitia','Clevehaven','Guinea'),(68,'f','1978-01-06',34774926,'Accusantium molestiae totam au','East Alvisberg','Mongolia'),(69,'m','2013-06-29',2400,'Eius consequatur quo eos non. ','South Jeanette','Lesotho'),(70,'f','2006-11-05',61213,'Ut nobis et quos saepe sunt es','North Laron','Sri Lanka'),(71,'m','1975-03-07',37568,'Ducimus molestias cupiditate q','North Lincoln','Svalbard & Jan Mayen Islands'),(72,'f','2005-03-21',477613,'Non quaerat fuga quasi velit. ','Brockton','Uruguay'),(73,'x','2010-08-29',27167898,'Quaerat ratione nobis impedit ','South Nayeli','Montenegro'),(74,'f','2012-08-14',46,'Ratione doloremque est corpori','Port Magdalen','Greenland'),(75,'m','1987-06-14',92678596,'Et ex odio nesciunt odit sunt ','New Hilmastad','Iran'),(76,'m','1987-09-01',63,'Minima sunt qui distinctio pro','Gaylordmouth','Sri Lanka'),(77,'x','2015-07-07',9278037,'Nihil dignissimos sit aliquam ','Mateoberg','Colombia'),(78,'m','1996-03-20',53461883,'Ipsum quia dolorem sit cumque ','South Lexusberg','Martinique'),(79,'f','2017-03-14',20261724,'Minus suscipit magni et unde n','Kingtown','Antigua and Barbuda'),(80,'m','2000-07-19',6217252,'Itaque nisi sint ut ullam. Ea ','Lake Norval','Dominica'),(81,'x','1983-09-20',88422,'Dolores sint culpa dolorum qui','New Abdullahborough','Senegal'),(82,'x','2009-11-24',15137,'Aut et odio similique labore f','Claireburgh','Central African Republic'),(83,'f','2009-06-20',130659,'Esse minima modi soluta natus ','South Brannonhaven','Wallis and Futuna'),(84,'x','2009-02-12',39567737,'Cum possimus atque dolor quia.','Homenickborough','Greece'),(85,'x','1991-05-22',613671,'Consequatur assumenda maiores ','Chaddburgh','Somalia'),(86,'m','1972-05-20',39526,'Ipsam est esse et aut. Totam m','D\'Amoreton','Myanmar'),(87,'x','1994-07-19',1464123,'Aut ut sed voluptatem aut porr','Port Marcelinoshire','Vanuatu'),(88,'f','1992-09-12',942,'Vel nesciunt cumque nam cum. H','Kubmouth','Switzerland'),(89,'m','1990-05-31',744,'Aspernatur odit incidunt ea ut','New Celia','Libyan Arab Jamahiriya'),(90,'f','1987-05-27',6114,'Et enim possimus non dolorem i','North Dominiqueside','Madagascar'),(91,'x','1985-08-11',678,'Sequi recusandae rerum ducimus','Jakubowskichester','Western Sahara'),(92,'x','1971-05-08',55555523,'Repellendus voluptatibus aut e','Tyriqueborough','Cape Verde'),(93,'m','1993-11-20',703075,'Consequuntur recusandae vero e','Meaghanhaven','Israel'),(94,'m','2016-07-12',39282475,'Maiores nihil sint non et tene','West Lorenzohaven','Uganda'),(95,'f','1986-04-13',309551,'Et et laborum recusandae odit ','East Machaven','Mongolia'),(96,'x','1989-04-04',64072,'Voluptas incidunt minus delect','Graysonfurt','Haiti'),(97,'m','2012-12-23',232514,'Exercitationem ipsum qui earum','Paulland','Peru'),(98,'m','2019-10-15',205222547,'Sint dolorem dolore ut volupta','West Cruzborough','Tunisia'),(99,'f','2010-01-08',78421,'Repellendus quae ex quos nobis','Lake Jaylin','Palestinian Territory'),(100,'x','1989-07-25',9258,'Magnam et odio inventore expli','Lake Bertrand','Anguilla');
/*!40000 ALTER TABLE `profiles` ENABLE KEYS */;
UNLOCK TABLES;

--
-- Table structure for table `users`
--

DROP TABLE IF EXISTS `users`;
/*!40101 SET @saved_cs_client     = @@character_set_client */;
/*!40101 SET character_set_client = utf8 */;
CREATE TABLE `users` (
  `id` bigint(20) unsigned NOT NULL AUTO_INCREMENT,
  `first_name` varchar(145) COLLATE utf8mb4_unicode_ci NOT NULL,
  `last_name` varchar(145) COLLATE utf8mb4_unicode_ci NOT NULL,
  `email` varchar(145) COLLATE utf8mb4_unicode_ci NOT NULL,
  `phone` varchar(11) COLLATE utf8mb4_unicode_ci DEFAULT NULL,
  `password_hash` char(65) COLLATE utf8mb4_unicode_ci DEFAULT NULL,
  `created_at` datetime NOT NULL DEFAULT current_timestamp(),
  PRIMARY KEY (`id`),
  UNIQUE KEY `email_unique` (`email`),
  UNIQUE KEY `phone_unique` (`phone`)
) ENGINE=InnoDB AUTO_INCREMENT=101 DEFAULT CHARSET=utf8mb4 COLLATE=utf8mb4_unicode_ci;
/*!40101 SET character_set_client = @saved_cs_client */;

--
-- Dumping data for table `users`
--

LOCK TABLES `users` WRITE;
/*!40000 ALTER TABLE `users` DISABLE KEYS */;
INSERT INTO `users` VALUES (1,'Adaline','Beier','simonis.antonietta@example.org','(414)637-64','54bcabb77c3ea7f60732018a28138a564ce5e984','1982-03-24 19:11:36'),(2,'Mandy','Rosenbaum','ted.mayert@example.org','520-069-630','83667949cd0da7695d03e1a6a3e7616da9fe992e','1972-11-25 13:49:45'),(3,'Jaycee','Stroman','amya83@example.net','523-849-597','fd28885105b1a6860a4e76b0f04f413182186d1c','2004-08-15 02:02:09'),(4,'Kamryn','Herzog','ellsworth92@example.net','333.823.034','2bd851302a0b65b2f7f523906e09a0e1e9c40c1d','1983-08-12 09:27:19'),(5,'Jerrell','Thiel','ubernier@example.net','+16(9)54641','39867d9efa5ce40b3e924a602749726a2ecbfbc6','1981-10-03 09:32:22'),(6,'Wilfredo','Kutch','shartmann@example.org','+09(6)60394','22f14e9bec848759f661cc08962247009009275d','2013-11-14 02:50:29'),(7,'Marilie','Willms','darryl.halvorson@example.org','(941)380-13','3d48ee23609578fa63c4c91863c9ef50670f0954','1977-01-24 23:18:54'),(8,'Mariano','Gutkowski','frederic81@example.org','(159)637-67','a1584385bf8f445ff26b797ea936433d06d5f802','1978-07-03 23:03:15'),(9,'Skyla','Mosciski','schmeler.chris@example.com','(360)838-36','f35fe659d5fbf95a6c91673f4921d3b6560dd014','1983-04-14 05:38:55'),(10,'Dahlia','Leffler','ellis.lockman@example.org','(456)145-25','7c6c05c2cb64bd4e7cd734a728b9efe2331875bc','1972-11-17 13:27:42'),(11,'Jo','Kozey','efren.west@example.net','478-565-053','9001c6ee5828d1672ffbf36bd39202070f131fa8','2011-09-22 01:50:07'),(12,'Alessandra','Schmidt','keeling.jake@example.org','1-677-785-6','fd8ec153aeb39a7ccea00d5a7d4a6c31f8651765','1995-02-11 15:00:39'),(13,'Heber','Carter','dorcas.stehr@example.com','08618017242','d268d73dc4f512b01201634411d148b577b0b342','1974-12-29 17:39:47'),(14,'Dale','Gutmann','lou29@example.net','(549)142-34','857b2c6808d30ff7be12d3cfdcdd0e5f2c714aa0','1977-09-02 07:48:52'),(15,'Dedrick','Reinger','florine92@example.net','00853099472','ae462b71637a3b3ed5289d31d02eb0a3d6d9623c','1993-05-30 19:44:27'),(16,'Eugenia','Waters','antwon.cruickshank@example.com','641.681.030','31c4cf5e0b202aeda398a493db95ff1b8b1bace3','2001-08-24 21:20:27'),(17,'Kavon','Frami','belle59@example.net','1-414-700-6','b4d0b58722ae45176e73cbb398bfc321cfad50b6','1979-09-30 20:10:25'),(18,'Jaime','Kuhlman','kkassulke@example.org','441.645.117','a8007a8545e4fecf333638c1b8823e2f168cd567','2001-02-15 18:05:35'),(19,'Shirley','Schiller','idaugherty@example.net','+30(5)48159','2ef436380e0291a016d8fe3045d905a8e15fe0c2','1996-05-29 00:56:57'),(20,'Lance','Johns','xbruen@example.org','304-246-324','88b78dbb04de57ba68c18e11a523624aeafe05f5','1971-07-01 01:40:30'),(21,'Willis','Ratke','utoy@example.com','289.825.144','8b5d8cfefbc3fea7a9557798e2c38a87f52ef0c4','1993-11-16 11:13:30'),(22,'Enola','Kozey','kameron.mann@example.com','346-767-935','e94f6b0c6fe175026375ae703a21588221a67254','1994-04-18 16:58:51'),(23,'Kamryn','O\'Hara','evert.hudson@example.net','+00(3)61410','4f46b3b6872559626ee40ba9368dd53b45d18972','2020-12-26 20:44:40'),(24,'Juston','Schamberger','bosco.pablo@example.com','(394)784-04','397209f10fc47abe657e849365f309c3ae34259e','1987-01-10 16:53:21'),(25,'Anjali','Zulauf','maurine.christiansen@example.com','(001)473-97','f8f7b3d70ede06c1f84e2e079a247c50d87583b8','2001-12-24 23:46:34'),(26,'Margret','Wehner','feest.valentina@example.org','(076)780-18','7477b00e1c6005d618ecf39892ba88b7a768a8b2','1991-06-09 07:56:22'),(27,'Mae','Smitham','kemmer.susie@example.com','02736667289','fdfb3d99e3d61aa09fca7e4a0d020cd1187f6720','1972-10-07 16:27:22'),(28,'Dante','Bernier','beier.lazaro@example.net','108-751-876','1d6889b27aad3a45e2238e878fe8c3ec97760916','1983-05-30 15:11:10'),(29,'Jessyca','Satterfield','evelyn39@example.net','07770203386','6cda02f25460ef925f24a23dde443393c350eac5','1976-09-16 11:11:55'),(30,'Aaron','Sauer','wolff.soledad@example.com','(356)298-98','27ee8b839e53f96136274948e315aa797c2abd10','1995-06-20 13:49:02'),(31,'Brianne','Raynor','veum.imogene@example.net','750-112-857','5bfddf046841f9e864a312b14eb53a486e93eab6','2013-11-06 21:56:18'),(32,'Lee','Skiles','vmacejkovic@example.org','625-869-164','fdf104b886bfa0c26b706a20f059cde4d7cca762','1999-07-08 00:30:45'),(33,'Rickie','Dare','nichole42@example.net','1-123-100-2','509702c9bc3b227a22061c919b28ef4e2e240781','1972-02-14 22:00:40'),(34,'Hassan','Shields','hwiegand@example.net','09824185680','7430006a07afeb2565e61970d4af23b294826048','2017-05-04 13:20:24'),(35,'Lukas','Greenholt','sgoodwin@example.org','560-086-649','dc0f26e09759d758ed6a885711dd647756ab8d43','1993-08-03 16:41:51'),(36,'Hosea','Weissnat','verda56@example.net','947-740-647','31cda69796670b8afae3a2063815d3a35b1514f4','1971-08-12 13:13:56'),(37,'Kolby','Koelpin','eboyle@example.org','854-103-278','ab812c483319d3ee0f969f71d5b933bbdf91a25a','2010-04-19 14:37:43'),(38,'Gayle','Anderson','torrance27@example.org','228.192.497','406eb2e18218e1d7a95f526050048a564c611639','1990-04-11 23:18:35'),(39,'Carleton','Lynch','guido20@example.org','838-345-115','9a00e7c1581e9a3f8d1d1f39492cbe8cba9f68c2','2000-08-10 12:29:12'),(40,'Americo','Koelpin','barrett.smitham@example.org','1-259-671-0','8906380f42cc87638366ae25a1f63fd5848fb19b','1989-06-13 18:55:47'),(41,'Shanel','Stark','willy62@example.org','922.899.620','a3f2a0117f98c840f5c4118d6c5b86b9329d4155','1991-08-28 13:30:38'),(42,'Dominic','Waelchi','gorczany.lea@example.org','(007)789-67','fbdf028587f37741910854825b323c51812afd31','1997-03-06 16:01:48'),(43,'Rosalinda','Schmitt','maya25@example.org','849.090.832','fbc6447d404beb8459ade5d2c9ec67c7d38d2136','1973-01-05 12:52:31'),(44,'Anastacio','Herman','tledner@example.org','+47(1)38416','956c8539d7dfe1c4678688c40bad38b67ef26a69','1977-04-23 05:26:05'),(45,'Zackary','Bergstrom','mueller.ricky@example.org','03978163014','c50f37481c92f42042ae5d15a23e6a36b2438667','1999-10-25 00:54:06'),(46,'Raina','Hegmann','margot75@example.net','1-164-808-8','7583abdf699df6518f914da5af2e2eaa6f128d4c','1992-08-17 14:17:09'),(47,'Tomasa','Hane','maxime41@example.net','(570)802-08','57b8dc8da3f61b47a3c04f1e928a7f04b2faa7c7','2007-06-19 07:33:04'),(48,'Elwyn','Crist','howell.easton@example.org','(941)949-11','d5e41446f391ad53e6031f1887cdcfb1b489b147','2009-04-10 20:47:18'),(49,'Brain','Simonis','sanford.mackenzie@example.org','229-251-511','3eec3071c22cd7aaf6ff0fb67444de6c77c99772','1989-01-29 08:21:19'),(50,'Javonte','Pacocha','harber.dimitri@example.org','03001025954','beada1e9e9a82c0a87d1c7b4223ac2470dc5110f','2018-07-07 03:29:15'),(51,'Marisol','Herman','feil.hazle@example.org','973.999.807','669af291fd9e5d39ca393de5fde31df129d7149e','2021-02-17 06:46:30'),(52,'Ansley','West','kmarquardt@example.org','770.715.472','2197f00b2c0ec0228423531c1c731fc44ad7b0a4','2015-10-02 19:48:15'),(53,'William','Morar','chance.schroeder@example.net','03376191540','a084a515c75ff9d47caac41ce08a23b48dac46c1','1998-04-28 01:57:04'),(54,'Lucienne','Gorczany','dayana46@example.com','05695062749','6652a09e36f3f3ce44f13b8d27fbe244f3e117ac','1970-03-07 16:50:49'),(55,'Axel','Wisozk','pschumm@example.com','931-978-086','19127861d43742f7abbd2266fcb16f4b9b363d6d','1995-06-28 13:51:39'),(56,'Garland','Kub','tania88@example.org','371-595-362','c40c6a57d7fae8f1bed271371b97705a89475e9d','1988-10-18 23:58:07'),(57,'Ralph','Dare','loyal13@example.org','482.848.024','dda40cbb41bf6da68ae66152ab50f5356f8da4b0','1970-10-31 03:54:30'),(58,'Kelsi','Shanahan','lelia.borer@example.net','(286)806-99','ce5c90aab61b5d2320640eeba7c4ad9c80d8239a','2005-06-12 13:24:10'),(59,'Damaris','Rodriguez','kthompson@example.com','280.740.908','3f7aaa704c356ca340715b36577cc686dc01bd37','2007-03-22 10:19:41'),(60,'Syble','Klein','kallie85@example.net','+91(3)59548','91e01056188d027751dcaeb90d5fcad666f36659','2020-03-04 14:53:35'),(61,'Janiya','Hyatt','daugherty.elmer@example.com','1-529-053-5','c0aeb58ce2c504de9aa17e97580985e60c34c373','1993-12-04 21:40:06'),(62,'Baby','Flatley','emma25@example.org','1-493-242-6','e027dc6f64915ce5ea228fba8d977d9fe97b395e','2011-04-19 10:30:19'),(63,'Golden','Reichel','deja18@example.org','+64(9)65888','3248e5c9c2dbcc73230014ae88b2acb69deb1052','2012-01-04 15:40:08'),(64,'Maximilian','Tillman','jess.borer@example.org','05940062122','b83e59cbac60624971c963889e600c068296dc5c','2011-04-18 23:57:42'),(65,'Kianna','Leannon','johnathon.hermann@example.net','1-623-856-6','6ed155d69a02084c59ca44781596cce18f1fc991','1980-04-15 07:20:20'),(66,'Noble','Kohler','jast.leo@example.net','1-419-232-4','f510408aed27047e7f0877d44f2d7f4dcd40bfc9','2014-01-29 09:19:01'),(67,'Keaton','O\'Reilly','macejkovic.meghan@example.com','(113)765-74','e78240227d8939b76c1d6c18e87457619f30b8c6','2005-12-09 21:38:56'),(68,'Cortez','Wiza','norwood.larson@example.org','471-930-102','2ba1bf23b5e4b9ca2773157a56cae4630100b979','1972-08-07 05:41:09'),(69,'Annetta','Schultz','allan42@example.org','1-607-326-6','e0d11a6a1d2bd6044f9a76bb80f3f74a7ed83d53','1973-08-27 13:33:24'),(70,'Reagan','Walsh','felicia.flatley@example.net','07544082123','97b5a325137706d36fbb0928804adfeeaf1cc6e2','1992-02-19 03:48:31'),(71,'Kamryn','Batz','ziemann.camila@example.org','1-894-839-8','416f3b373ee2249d19f47e45c4a368fc0dac6841','2011-08-16 06:54:11'),(72,'Hayden','Hills','gina78@example.com','(598)586-78','29c43ca7b108282cffa64eaa37882056ff8eae9d','1970-06-22 09:29:50'),(73,'Annette','Bradtke','isaiah.hegmann@example.net','(459)487-03','ffa922b11d531ddabc4ec5fa031212d21b2d8862','1997-04-27 16:34:43'),(74,'Molly','Ernser','bogan.earlene@example.net','(516)835-68','0d2d57393e2f635a021de6311ea46cd18dd20f38','2008-02-03 10:19:22'),(75,'Khalil','Monahan','weimann.theodora@example.org','1-458-330-7','e43b46da1fc1f319b82eb1a72753d1ef3e3a7e5c','1992-06-25 05:19:12'),(76,'Burnice','Wiza','minnie67@example.net','895-581-924','110708493f3889f151ded42cf07d231d9feb7380','1987-09-16 01:49:56'),(77,'Chester','Grimes','jeffry78@example.net','417-499-172','50141c2d6c3dc1fc0ad0c3c0eb7719277a90581f','1996-03-28 22:16:50'),(78,'Joshuah','Schulist','gulgowski.esther@example.net','(088)073-46','08db50aa478c26cef6d3dd4906b5dc9aea50b1d1','1982-03-02 18:00:49'),(79,'Delta','Koepp','treutel.bernadine@example.org','07707735992','fcea4466cadcd0a3b3af51a3b1d937306e2d6599','1983-08-03 17:36:26'),(80,'Beryl','Haley','zbashirian@example.net','(650)114-27','69c6b4a440ccfddb7551fd1e4d7e5355b1661ffa','2017-07-01 08:19:11'),(81,'Daron','Block','daphney.batz@example.com','(321)626-17','85879614c757fdb99c054f33b39a168a76528f5a','2010-01-07 17:48:54'),(82,'Tina','Towne','thomas75@example.org','012.784.148','3f6f9fbaf7087730b8acad2ff53d74053886dc7c','2014-10-04 16:35:31'),(83,'Ernie','Grady','willa21@example.net','(937)962-11','b861c18212d4ff1df530f3654c72947e5626325b','1974-08-10 22:50:13'),(84,'Lucie','Satterfield','rohan.arielle@example.org','(451)957-53','ee60a1454dfb7be048986239c516528dd1c8507f','1992-07-03 06:12:04'),(85,'Khalil','Russel','fay.iva@example.org','03886675004','cc621a9fcd54ec2a68541bba95a247c305f444ca','1989-11-05 06:44:57'),(86,'Micaela','Dooley','mwest@example.net','1-585-306-2','4e31b0514a44f8fccf94960f3df79794620794ca','1981-12-05 14:22:04'),(87,'Jaida','Kutch','pcartwright@example.com','+90(1)96017','c73a279c86d26711c82ecb8df2bd5ff5663fb9ea','1988-05-16 14:57:09'),(88,'Carlo','Schmidt','nathanial80@example.com','1-779-317-1','543fc8b1a4537ad3181af9803b8009de5eeeb220','2010-04-30 07:01:13'),(89,'Oda','Rohan','dturner@example.net','(865)298-83','91da1c392f05c196a710dbbad869f7380381d900','1998-01-09 20:31:36'),(90,'Kelsi','Gislason','wskiles@example.com','780.345.428','fdd248430b2978e51ed6adbe9303c6a3e5b0abf7','2012-08-31 08:44:45'),(91,'Erna','Hauck','christiana.prohaska@example.org','419-939-946','9ac0278e49b41ed4e6f50f9e569656f2c9a91694','2010-10-28 12:48:10'),(92,'Cleo','Kunde','pink56@example.net','135-840-226','6b4ab21a269e361189cbed1437990ff4bd1bfdb3','2010-02-02 20:03:36'),(93,'Judah','Jacobi','theresa70@example.org','963-837-212','8cb5e244597bc90f7301e99b095a8b8ab9cc9c0a','2008-01-07 20:09:27'),(94,'Garrett','Gutmann','mona.effertz@example.org','579.209.700','df59689dd9ce4e8002f6e9071c5ed6ffc70628f1','2005-06-14 03:18:19'),(95,'Janessa','Trantow','anderson.royce@example.net','154-491-826','6ef750353723e6f3580d1d001425c12f1658fd68','2021-03-03 10:26:34'),(96,'Daphnee','Gottlieb','white.carlie@example.org','691-429-836','13eeb166a8cfbadc3784cb6fe534ead8fb310a06','2012-02-28 11:06:31'),(97,'Gladys','Rempel','estrella08@example.com','524-071-299','da21f162411eb3ff0c688db96068b950bf4d1ff6','1978-04-09 19:04:52'),(98,'Timmy','Farrell','skshlerin@example.org','1-000-422-7','060210a128d99fd46743a1050325be8647d8dc63','2010-03-15 00:35:02'),(99,'Sigmund','Ernser','verna18@example.net','681-432-052','1eee04a2e461af10ebbe63691e13852781b23109','1976-11-27 23:50:26'),(100,'Vallie','Littel','legros.princess@example.net','419.049.193','411f73d7ae333bec51ac137c7b3ce8e38c8493ba','1999-12-15 15:38:53');
/*!40000 ALTER TABLE `users` ENABLE KEYS */;
UNLOCK TABLES;
/*!40103 SET TIME_ZONE=@OLD_TIME_ZONE */;

/*!40101 SET SQL_MODE=@OLD_SQL_MODE */;
/*!40014 SET FOREIGN_KEY_CHECKS=@OLD_FOREIGN_KEY_CHECKS */;
/*!40014 SET UNIQUE_CHECKS=@OLD_UNIQUE_CHECKS */;
/*!40101 SET CHARACTER_SET_CLIENT=@OLD_CHARACTER_SET_CLIENT */;
/*!40101 SET CHARACTER_SET_RESULTS=@OLD_CHARACTER_SET_RESULTS */;
/*!40101 SET COLLATION_CONNECTION=@OLD_COLLATION_CONNECTION */;
/*!40111 SET SQL_NOTES=@OLD_SQL_NOTES */;

-- Dump completed on 2021-03-22 11:35:45
